FID,OBJECTID_1,Join_Count,TARGET_FID,Join_Cou_1,TARGET_F_1,Join_Cou_2,TARGET_F_2,OBJECTID_2,Join_Cou_3,TARGET_F_3,OBJECTID,RoadNumber,RoadName,Direction,Roadtype,Shape_Leng,zone_id_st,Shape_Le_1,Up_zone,Down_zone,Direction_,F_System,Urban_Code,ThruLanes,Route_Numb,AADT,Urban_Co_1,Speed_Limi,IRI,SPEED,Shape_Le_2
0,1,2,1,1,1,1,1,2,1,0,2,417,FL-417 N,N,Freeway,0.919987370544000,8581_7010,0.014970522843100,8581,7010,E,2,45451,4,417,43569,45451,70,0,70.000000000000000,0.014970522843100
1,2,2,2,1,2,1,2,3,1,1,3,417,FL-417 N,N,Freeway,0.340712405056000,7010_6916,0.005558582692480,7010,6916,E,2,45451,4,417,69500,45451,70,0,70.000000000000000,0.005558582692480
2,3,2,3,1,3,1,3,4,1,2,4,417,FL-417 N,N,Freeway,0.558360425839000,6916_6959,0.009109967220650,6916,6959,E,2,45451,4,417,69500,45451,70,0,70.000000000000000,0.009109967220650
3,4,2,4,1,4,1,4,5,1,3,5,417,FL-417 N,N,Freeway,0.345284698189000,6044_8581,0.005657107878210,6044,8581,E,2,45451,4,417,43569,45451,65,109,65.000000000000000,0.005657107878210
4,5,2,5,1,5,1,5,6,1,4,6,417,FL-417 N,N,Freeway,0.662737377642000,8287_8107,0.010471733382600,8287,8107,S,3,45451,6,0,76000,45451,70,0,70.000000000000000,0.010471733382600
5,6,2,6,1,6,1,6,7,1,5,7,417,FL-417 N,N,Freeway,0.488312764540000,8280_8017,0.007909476951480,8280,8017,E,2,45451,4,417,49278,45451,70,0,70.000000000000000,0.007909476951480
6,7,2,7,1,7,1,7,8,1,6,8,417,FL-417 N,N,Freeway,0.540099996322000,8107_8280,0.008847969303380,8107,8280,E,2,45451,4,417,48500,45451,70,0,70.000000000000000,0.008847969303380
7,8,2,8,1,8,1,8,9,1,7,9,417,FL-417 N,N,Freeway,1.363212225250000,6959_8287,0.021514935379400,6959,8287,E,2,45451,4,417,69500,45451,70,0,70.000000000000000,0.021514935379400
8,9,2,9,1,9,1,9,10,1,8,10,417,FL-417 N,N,Freeway,0.344507068990000,9178_7997,0.005657805025300,9178,7997,E,2,45451,4,417,49500,45451,70,0,70.000000000000000,0.005657805025300
9,10,2,10,1,10,1,10,11,1,9,11,417,FL-417 N,N,Freeway,1.048005544590000,8017_6167,0.017008943702000,8017,6167,S,2,45451,4,91,95000,45451,70,0,70.000000000000000,0.017008943702000
10,11,2,11,1,11,1,11,12,1,10,12,417,FL-417 N,N,Freeway,0.801375966599000,7997_8466,0.013146340575800,7997,8466,E,2,45451,4,417,49500,45451,70,0,70.000000000000000,0.013146340575800
11,12,2,12,1,12,1,12,13,1,11,13,417,FL-417 N,N,Freeway,0.547156182605000,6167_9178,0.008986046314280,6167,9178,E,2,45451,4,417,49500,45451,70,0,70.000000000000000,0.008986046314280
12,13,2,13,1,13,1,13,14,1,12,14,417,FL-417 N,N,Freeway,0.688650772198000,8466_7095,0.011304868478000,8466,7095,E,2,65863,4,417,49500,45451,70,0,70.000000000000000,0.011304868478000
13,14,2,14,1,14,1,14,15,1,13,15,417,FL-417 N,N,Freeway,0.673695723323000,7095_6630,0.011057271742600,7095,6630,E,2,65863,4,417,49500,45451,70,0,70.000000000000000,0.011057271742600
14,15,2,15,1,15,1,15,16,1,14,16,417,FL-417 N,N,Freeway,0.272210839005000,6854_11007,0.004467505473200,6854,11007,E,2,65863,4,417,47407,65863,70,0,70.000000000000000,0.004467505473200
15,16,2,16,1,16,1,16,17,1,15,17,417,FL-417 N,N,Freeway,0.401870986958000,6630_6324,0.006595709497860,6630,6324,E,2,65863,4,417,49500,65863,70,0,70.000000000000000,0.006595709497860
16,17,2,17,1,17,1,17,18,1,16,18,417,FL-417 N,N,Freeway,0.514529769133000,6324_6854,0.008445211236450,6324,6854,E,2,65863,4,417,49500,65863,70,0,70.000000000000000,0.008445211236450
17,18,2,18,1,18,1,18,19,1,17,19,417,FL-417 N,N,Freeway,0.329413811758000,8476_8600,0.005330476315990,8476,8600,E,2,65863,4,417,45500,65863,70,0,70.000000000000000,0.005330476315990
18,19,2,19,1,19,1,19,20,1,18,20,417,FL-417 N,N,Freeway,0.188568839724000,11010_8476,0.003073291400500,11010,8476,E,2,65863,4,417,47407,65863,70,0,70.000000000000000,0.003073291400500
19,20,2,20,1,20,1,20,21,1,19,21,417,FL-417 N,N,Freeway,0.282986482645000,11007_8480,0.004624815752230,11007,8480,E,2,65863,4,417,47407,65863,70,0,70.000000000000000,0.004624815752230
20,21,2,21,1,21,1,21,22,1,20,22,417,FL-417 N,N,Freeway,0.602356736792000,8600_8520,0.009721931644240,8600,8520,E,2,65863,4,417,45500,65863,70,0,70.000000000000000,0.009721931644240
21,22,2,22,1,22,1,22,23,1,21,23,417,FL-417 N,N,Freeway,0.536463457053000,8520_8502,0.008659530513070,8520,8502,E,2,65863,4,417,45500,65863,70,0,70.000000000000000,0.008659530513070
22,23,2,23,1,23,1,23,24,1,22,24,417,FL-417 N,N,Freeway,0.982668303486000,8480_11010,0.016051321075000,8480,11010,E,2,65863,4,417,47407,65863,70,0,70.000000000000000,0.016051321075000
23,24,2,24,1,24,1,24,25,1,23,25,417,FL-417 N,N,Freeway,1.008899976890000,8502_6701,0.016254247577000,8502,6701,E,2,65863,4,417,45500,65863,70,0,70.000000000000000,0.016254247577000
24,25,2,25,1,25,1,25,26,1,24,26,417,FL-417 N,N,Freeway,0.619111197154000,6701_5900,0.009422246094890,6701,5900,E,2,65863,4,417,45500,65863,70,0,70.000000000000000,0.009422246094890
25,26,2,26,1,26,1,26,27,1,25,27,417,FL-417 N,N,Freeway,0.517090858241000,8598_8531,0.008198573946200,8598,8531,E,2,65863,4,417,82000,65863,70,0,70.000000000000000,0.008198573946200
26,27,2,27,1,27,1,27,28,1,26,28,417,FL-417 N,N,Freeway,0.703770358807000,8512_8598,0.011183447612600,8512,8598,S,3,65863,4,15,35500,65863,70,0,70.000000000000000,0.011183447612600
27,28,2,28,1,28,1,28,29,1,27,29,417,FL-417 N,N,Freeway,0.349027857505000,5900_8512,0.005330926065640,5900,8512,E,2,65863,4,417,45500,65863,70,0,70.000000000000000,0.005330926065640
28,29,2,29,1,29,1,29,30,1,28,30,417,FL-417 N,N,Freeway,0.346143731086000,8540_8538,0.005037469322080,8540,8538,N,2,65863,4,417,82000,65863,70,66,70.000000000000000,0.005037469322080
29,30,2,30,1,30,1,30,31,1,29,31,417,FL-417 N,N,Freeway,0.587651023412000,8538_6642,0.008552073473790,8538,6642,N,2,65863,4,417,82000,65863,70,52,70.000000000000000,0.008552073473790
30,31,2,31,1,31,1,31,32,1,30,32,417,FL-417 N,N,Freeway,0.695213701280000,8533_8540,0.010179524767200,8533,8540,N,2,65863,4,417,82000,65863,70,89,70.000000000000000,0.010179524767200
31,32,2,32,1,32,1,32,33,1,31,33,417,FL-417 N,N,Freeway,0.351001785864000,8531_8533,0.005346599803850,8531,8533,N,2,65863,4,417,82000,65863,70,101,70.000000000000000,0.005346599803850
32,33,2,33,1,33,1,33,34,1,32,34,417,FL-417 N,N,Freeway,1.109017602130000,7993_7091,0.016125636869600,7993,7091,E,2,65863,4,528,73393,65863,70,76,70.000000000000000,0.016125636869600
33,34,2,34,1,34,1,34,35,1,33,35,417,FL-417 N,N,Freeway,0.088467161331000,7091_6173,0.001299449759740,7091,6173,N,2,65863,4,417,82802,65863,70,52,70.000000000000000,0.001299449759740
34,35,2,35,1,35,1,35,36,1,34,36,417,FL-417 N,N,Freeway,0.464525947666000,6642_7993,0.006760513474420,6642,7993,N,2,65863,4,417,82000,65863,70,44,70.000000000000000,0.006760513474420
35,36,2,36,1,36,1,36,37,1,35,37,417,FL-417 N,N,Freeway,1.132370520900000,6173_8544,0.016793898701000,6173,8544,N,2,65863,6,417,96500,65863,70,52,70.000000000000000,0.016793898701000
36,37,2,37,1,37,1,37,38,1,36,38,417,FL-417 N,N,Freeway,0.414658818261000,8557_8553,0.006139500484810,8557,8553,N,2,65863,6,417,96944,65863,70,50,70.000000000000000,0.006139500484810
37,38,2,38,1,38,1,38,39,1,37,39,417,FL-417 N,N,Freeway,1.054760073770000,8553_6689,0.015350198988500,8553,6689,N,2,65863,4,417,97500,65863,70,52,70.000000000000000,0.015350198988500
38,39,2,39,1,39,1,39,40,1,38,40,417,FL-417 N,N,Freeway,0.597959122964000,8544_8386,0.008744304166820,8544,8386,N,2,65863,6,417,96500,65863,70,57,70.000000000000000,0.008744304166820
39,40,2,40,1,40,1,40,41,1,39,41,417,FL-417 N,N,Freeway,0.243574754200000,8386_6314,0.003562763201360,8386,6314,N,2,65863,6,417,96500,65863,70,49,70.000000000000000,0.003562763201360
40,41,2,41,1,41,1,41,42,1,40,42,417,FL-417 N,N,Freeway,1.026630322320000,6965_8557,0.015074414342400,6965,8557,N,2,65863,6,417,96500,65863,70,52,70.000000000000000,0.015074414342400
41,42,2,42,1,42,1,42,43,1,41,43,417,FL-417 N,N,Freeway,0.204037806176000,6315_6965,0.002971127159670,6315,6965,N,2,65863,6,417,96500,65863,70,51,70.000000000000000,0.002971127159670
42,43,2,43,1,43,1,43,44,1,42,44,417,FL-417 N,N,Freeway,0.395918647817000,6314_6315,0.005789666982880,6314,6315,N,2,65863,6,417,96500,65863,70,46,70.000000000000000,0.005789666982880
43,44,2,44,1,44,1,44,45,1,43,45,417,FL-417 N,N,Freeway,0.401925833537000,6035_2529,0.006089204101720,6035,2529,N,2,65863,4,417,97500,65863,70,0,70.000000000000000,0.006089204101720
44,45,2,45,1,45,1,45,46,1,44,46,417,FL-417 N,N,Freeway,0.029611931008400,6035_11878,0.000435862153195,6035,11878,N,2,65863,4,417,97500,65863,70,0,70.000000000000000,0.000435862153195
45,46,2,46,1,46,1,46,47,1,45,47,417,FL-417 N,N,Freeway,0.639957559946000,11876_8570,0.009904123699530,11876,8570,E,2,65863,5,408,74500,65863,65,64,70.000000000000000,0.009904123699530
46,47,2,47,1,47,1,47,48,1,46,48,417,FL-417 N,N,Freeway,0.312125223583000,8570_6966,0.004800517375890,8570,6966,N,2,65863,6,417,71707,65863,70,68,70.000000000000000,0.004800517375890
47,48,2,48,1,48,1,48,49,1,47,49,417,FL-417 N,N,Freeway,0.535070828701000,6966_8451,0.007832138802380,6966,8451,N,2,65863,6,417,65522,65863,70,54,70.000000000000000,0.007832138802380
48,49,2,49,1,49,1,49,50,1,48,50,417,FL-417 N,N,Freeway,0.708119261130000,6689_11878,0.010298923746600,6689,11878,N,2,65863,4,417,97500,65863,70,0,70.000000000000000,0.010298923746600
49,50,2,50,1,50,1,50,51,1,49,51,417,FL-417 N,N,Freeway,0.155378793407000,2529_11876,0.002400786850030,2529,11876,N,2,65863,6,417,71707,65863,70,0,70.000000000000000,0.002400786850030
50,51,2,51,1,51,1,51,52,1,50,52,417,FL-417 N,N,Freeway,0.203902815064000,8585_8449,0.003020283145290,8585,8449,N,2,65863,5,417,86381,65863,70,53,70.000000000000000,0.003020283145290
51,52,2,52,1,52,1,52,53,1,51,53,417,FL-417 N,N,Freeway,0.594179916877000,8451_2531,0.008685895111420,8451,2531,W,3,65863,6,50,56410,65863,70,83,70.000000000000000,0.008685895111420
52,53,2,53,1,53,1,53,54,1,52,54,417,FL-417 N,N,Freeway,0.300087360572000,8120_8585,0.004379235007220,8120,8585,N,2,65863,5,417,86381,65863,70,46,70.000000000000000,0.004379235007220
53,54,2,54,1,54,1,54,55,1,53,55,417,FL-417 N,N,Freeway,0.332452042552000,6318_8120,0.005027195689810,6318,8120,N,2,65863,5,417,91500,65863,70,39,70.000000000000000,0.005027195689810
54,55,2,55,1,55,1,55,56,1,54,56,417,FL-417 N,N,Freeway,0.456139977588000,6317_6318,0.006939068769350,6317,6318,N,2,65863,4,417,91500,65863,70,52,70.000000000000000,0.006939068769350
55,56,2,56,1,56,1,56,57,1,55,57,417,FL-417 N,N,Freeway,0.347968123899000,6046_6317,0.005290777815790,6046,6317,N,2,65863,4,417,91500,65863,70,43,70.000000000000000,0.005290777815790
56,57,2,57,1,57,1,57,58,1,56,58,417,FL-417 N,N,Freeway,0.608960742813000,2531_6046,0.009073901280160,2531,6046,N,2,65863,6,417,91500,65863,70,67,70.000000000000000,0.009073901280160
57,58,2,58,1,58,1,58,59,1,57,59,417,FL-417 N,N,Freeway,0.298582865245000,8449_5988,0.004553855198230,8449,5988,N,2,65863,5,417,78344,65863,70,41,70.000000000000000,0.004553855198230
58,59,2,60,1,59,1,59,61,1,58,61,417,FL-417 N,N,Freeway,0.550440804664000,5988_6758,0.008268874990390,5988,6758,N,2,65863,5,417,78344,65863,70,39,70.000000000000000,0.008268874990390
59,60,2,2,1,60,1,60,0,1,59,2,417,FL-417 S,S,Freeway,0.343773470434000,8579_6492,0.000000000000000,8579,6492,W,2,45451,4,417,42940,45451,65,57,65.000000000000000,0.005633638025140
60,61,2,3,1,61,1,61,0,1,60,3,417,FL-417 S,S,Freeway,0.341332374707000,6889_6071,0.000000000000000,6889,6071,W,2,45451,4,417,69500,45451,70,0,70.000000000000000,0.005568503595930
61,62,2,5,1,62,1,62,0,1,61,5,417,FL-417 S,S,Freeway,0.925204561863000,6071_8579,0.000000000000000,6071,8579,W,2,45451,4,417,69500,45451,70,0,70.000000000000000,0.015060591506600
62,63,2,6,1,63,1,63,0,1,62,6,417,FL-417 S,S,Freeway,1.316674830780000,8292_6975,0.000000000000000,8292,6975,W,2,45451,4,417,69500,45451,70,0,70.000000000000000,0.020785421668100
63,64,2,7,1,64,1,64,0,1,63,7,417,FL-417 S,S,Freeway,0.904211933125000,8290_8292,0.000000000000000,8290,8292,S,3,45451,6,0,76000,45451,70,0,70.000000000000000,0.014383935776000
64,65,2,8,1,65,1,65,0,1,64,8,417,FL-417 S,S,Freeway,0.453181851131000,8277_8290,0.000000000000000,8277,8290,W,2,45451,4,417,48500,45451,70,0,70.000000000000000,0.007427369034280
65,66,2,9,1,66,1,66,0,1,65,9,417,FL-417 S,S,Freeway,0.555496929504000,6975_6889,0.000000000000000,6975,6889,W,2,45451,4,417,69500,45451,70,0,70.000000000000000,0.009061036913050
66,67,2,10,1,67,1,67,0,1,66,10,417,FL-417 S,S,Freeway,0.546637497002000,9176_7090,0.000000000000000,9176,7090,W,2,45451,4,417,49500,45451,70,0,70.000000000000000,0.008977531572120
67,68,2,11,1,68,1,68,0,1,67,11,417,FL-417 S,S,Freeway,0.502781157042000,8486_9176,0.000000000000000,8486,9176,W,2,45451,4,417,49500,45451,70,0,70.000000000000000,0.008257142353640
68,69,2,12,1,69,1,69,0,1,68,12,417,FL-417 S,S,Freeway,0.436479903560000,8283_8277,0.000000000000000,8283,8277,W,2,45451,4,417,48687,45451,70,0,70.000000000000000,0.007053503578650
69,70,2,13,1,70,1,70,0,1,69,13,417,FL-417 S,S,Freeway,0.992319205650000,7090_8283,0.000000000000000,7090,8283,S,2,45451,4,91,95000,45451,70,0,70.000000000000000,0.016107911091400
70,71,2,14,1,71,1,71,0,1,70,14,417,FL-417 S,S,Freeway,0.643379383497000,8484_8486,0.000000000000000,8484,8486,W,2,45451,4,417,49500,45451,70,0,70.000000000000000,0.010552096653400
71,72,2,15,1,72,1,72,0,1,71,15,417,FL-417 S,S,Freeway,0.685634410637000,6700_8484,0.000000000000000,6700,8484,W,2,65863,4,417,49500,45451,70,0,70.000000000000000,0.011255376309900
72,73,2,16,1,73,1,73,0,1,72,16,417,FL-417 S,S,Freeway,0.676983046993000,6323_6700,0.000000000000000,6323,6700,W,2,65863,4,417,49500,65863,70,0,70.000000000000000,0.011111146244100
73,74,2,17,1,74,1,74,0,1,73,17,417,FL-417 S,S,Freeway,0.400506023785000,6299_6323,0.000000000000000,6299,6323,W,2,65863,4,417,49500,65863,70,0,70.000000000000000,0.006573051475090
74,75,2,18,1,75,1,75,0,1,74,18,417,FL-417 S,S,Freeway,0.785772859603000,11015_8482,0.000000000000000,11015,8482,W,2,65863,4,417,47654,65863,70,0,70.000000000000000,0.012835521021000
75,76,2,19,1,76,1,76,0,1,75,19,417,FL-417 S,S,Freeway,0.233338325617000,8601_11015,0.000000000000000,8601,11015,W,2,65863,4,417,47654,65863,70,0,70.000000000000000,0.003810914659160
76,77,2,20,1,77,1,77,0,1,76,20,417,FL-417 S,S,Freeway,0.245238290843000,8482_6618,0.000000000000000,8482,6618,W,2,65863,4,417,47654,65863,70,0,70.000000000000000,0.004007760840260
77,78,2,21,1,78,1,78,0,1,77,21,417,FL-417 S,S,Freeway,0.568842641784000,8478_6486,0.000000000000000,8478,6486,W,2,65863,4,417,45500,65863,70,0,70.000000000000000,0.009181723827020
78,79,2,22,1,79,1,79,0,1,78,22,417,FL-417 S,S,Freeway,0.785759402068000,6618_6299,0.000000000000000,6618,6299,W,2,65863,4,417,49500,65863,70,0,70.000000000000000,0.012897060372100
79,80,2,23,1,80,1,80,0,1,79,23,417,FL-417 S,S,Freeway,0.549202126452000,6486_8601,0.000000000000000,6486,8601,W,2,65863,4,417,47654,65863,70,0,70.000000000000000,0.008907043416110
80,81,2,24,1,81,1,81,0,1,80,24,417,FL-417 S,S,Freeway,0.663497519079000,8603_8478,0.000000000000000,8603,8478,W,2,65863,4,417,45500,65863,70,0,70.000000000000000,0.010710192690500
81,82,2,25,1,82,1,82,0,1,81,25,417,FL-417 S,S,Freeway,0.843522453061000,6170_8603,0.000000000000000,6170,8603,W,2,65863,4,417,45500,65863,70,0,70.000000000000000,0.013606515494100
82,83,2,26,1,83,1,83,0,1,82,26,417,FL-417 S,S,Freeway,0.865634229147000,8596_8510,0.000000000000000,8596,8510,S,3,65863,4,15,35500,65863,70,0,70.000000000000000,0.013751320828800
83,84,2,27,1,84,1,84,0,1,83,27,417,FL-417 S,S,Freeway,0.341400832650000,8510_6855,0.000000000000000,8510,6855,W,2,65863,4,417,45500,65863,70,0,70.000000000000000,0.005206473545830
84,85,2,28,1,85,1,85,0,1,84,28,417,FL-417 S,S,Freeway,0.623191601603000,6855_6170,0.000000000000000,6855,6170,W,2,65863,4,417,45500,65863,70,0,70.000000000000000,0.009491511635520
85,86,2,29,1,86,1,86,0,1,85,29,417,FL-417 S,S,Freeway,0.306133055603000,8536_8514,0.000000000000000,8536,8514,S,2,65863,4,417,82000,65863,70,52,70.000000000000000,0.004451697030920
86,87,2,30,1,87,1,87,0,1,86,30,417,FL-417 S,S,Freeway,0.595046505856000,8516_8536,0.000000000000000,8516,8536,S,2,65863,4,417,82000,65863,70,68,70.000000000000000,0.008660377810750
87,88,2,31,1,88,1,88,0,1,87,31,417,FL-417 S,S,Freeway,0.353318402504000,8514_6174,0.000000000000000,8514,6174,S,2,65863,4,417,82000,65863,70,101,70.000000000000000,0.005213115763040
88,89,2,32,1,89,1,89,0,1,88,32,417,FL-417 S,S,Freeway,0.714851431899000,6174_8596,0.000000000000000,6174,8596,S,2,65863,4,417,82000,65863,70,0,70.000000000000000,0.011124147515100
89,90,2,33,1,90,1,90,0,1,89,33,417,FL-417 S,S,Freeway,0.389091424584000,8391_8516,0.000000000000000,8391,8516,S,2,65863,4,417,82000,65863,70,52,70.000000000000000,0.005662269122270
90,91,2,34,1,91,1,91,0,1,90,34,417,FL-417 S,S,Freeway,0.426543494120000,7999_8391,0.000000000000000,7999,8391,S,2,65863,4,417,83057,65863,70,53,70.000000000000000,0.006207647306410
91,92,2,35,1,92,1,92,0,1,91,35,417,FL-417 S,S,Freeway,1.160643430840000,7991_7999,0.000000000000000,7991,7999,E,2,65863,4,528,73393,65863,70,76,70.000000000000000,0.016878607023400
92,93,2,36,1,93,1,93,0,1,92,36,417,FL-417 S,S,Freeway,0.083042137338200,7092_7991,0.000000000000000,7092,7991,S,2,65863,4,417,83057,65863,70,52,70.000000000000000,0.001221688684350
93,94,2,37,1,94,1,94,0,1,93,37,417,FL-417 S,S,Freeway,0.410911915983000,8555_8559,0.000000000000000,8555,8559,S,2,65863,6,417,97034,65863,70,63,70.000000000000000,0.006086466515010
94,95,2,38,1,95,1,95,0,1,94,38,417,FL-417 S,S,Freeway,1.037899455230000,8559_6030,0.000000000000000,8559,6030,S,2,65863,6,417,97034,65863,70,63,70.000000000000000,0.015239944357700
95,96,2,39,1,96,1,96,0,1,95,39,417,FL-417 S,S,Freeway,1.128519735660000,8546_7092,0.000000000000000,8546,7092,S,2,65863,6,417,96500,65863,70,80,70.000000000000000,0.016736514905400
96,97,2,40,1,97,1,97,0,1,96,40,417,FL-417 S,S,Freeway,0.598281138529000,8383_8546,0.000000000000000,8383,8546,S,2,65863,6,417,96500,65863,70,51,70.000000000000000,0.008748998254360
97,98,2,41,1,98,1,98,0,1,97,41,417,FL-417 S,S,Freeway,0.245820660608000,6895_8383,0.000000000000000,6895,8383,S,2,65863,6,417,96500,65863,70,46,70.000000000000000,0.003593988653150
98,99,2,42,1,99,1,99,0,1,98,42,417,FL-417 S,S,Freeway,0.384461451754000,6316_6895,0.000000000000000,6316,6895,S,2,65863,6,417,96500,65863,70,46,70.000000000000000,0.005623481388430
99,100,2,43,1,100,1,100,0,1,99,43,417,FL-417 S,S,Freeway,0.204291489822000,6030_6316,0.000000000000000,6030,6316,S,2,65863,6,417,96500,65863,70,49,70.000000000000000,0.002974987218150
100,101,2,44,1,101,1,101,0,1,100,44,417,FL-417 S,S,Freeway,0.014265083999400,7071_11709,0.000000000000000,7071,11709,S,2,65863,4,417,97500,65863,70,0,70.000000000000000,0.000209860737761
101,102,2,45,1,102,1,102,0,1,101,45,417,FL-417 S,S,Freeway,0.715842621982000,7071_6968,0.000000000000000,7071,6968,S,2,65863,4,417,97500,65863,70,0,70.000000000000000,0.010413271232900
102,103,2,46,1,103,1,103,0,1,102,46,417,FL-417 S,S,Freeway,0.115234451698000,11875_6251,0.000000000000000,11875,6251,S,2,65863,6,417,69354,65863,70,0,70.000000000000000,0.001781725359590
103,104,2,47,1,104,1,104,0,1,103,47,417,FL-417 S,S,Freeway,1.050006821960000,6968_8555,0.000000000000000,6968,8555,S,2,65863,4,417,97500,65863,70,43,70.000000000000000,0.015279000597600
104,105,2,48,1,105,1,105,0,1,104,48,417,FL-417 S,S,Freeway,0.460695843984000,8568_11875,0.000000000000000,8568,11875,S,2,65863,6,417,69354,65863,65,64,65.000000000000000,0.007123939927970
105,106,2,49,1,106,1,106,0,1,105,49,417,FL-417 S,S,Freeway,0.526801969099000,8453_8568,0.000000000000000,8453,8568,S,2,65863,6,417,69354,65863,70,57,70.000000000000000,0.008114201248850
106,107,2,50,1,107,1,107,0,1,106,50,417,FL-417 S,S,Freeway,0.434654958051000,6251_11709,0.000000000000000,6251,11709,S,2,65863,4,417,97500,65863,70,0,70.000000000000000,0.006597289192380
107,108,2,51,1,108,1,108,0,1,107,51,417,FL-417 S,S,Freeway,0.314190599054000,8588_8118,0.000000000000000,8588,8118,S,2,65863,5,417,83459,65863,70,102,70.000000000000000,0.004589408473710
108,109,2,52,1,109,1,109,0,1,108,52,417,FL-417 S,S,Freeway,0.952765149993000,8572_8453,0.000000000000000,8572,8453,W,3,65863,6,50,56410,65863,70,54,70.000000000000000,0.013930287199700
109,110,2,53,1,110,1,110,0,1,109,53,417,FL-417 S,S,Freeway,0.319507970381000,8563_8572,0.000000000000000,8563,8572,S,2,65863,6,417,91500,65863,70,67,70.000000000000000,0.004672760972570
110,111,2,54,1,111,1,111,0,1,110,54,417,FL-417 S,S,Freeway,0.449856257685000,8456_6789,0.000000000000000,8456,6789,S,2,65863,4,417,91500,65863,70,52,70.000000000000000,0.006841259493090
111,112,2,55,1,112,1,112,0,1,111,55,417,FL-417 S,S,Freeway,0.344674752021000,8118_8456,0.000000000000000,8118,8456,S,2,65863,5,417,91500,65863,70,43,70.000000000000000,0.005207262719400
112,113,2,56,1,113,1,113,0,1,112,56,417,FL-417 S,S,Freeway,0.435234167071000,6691_8563,0.000000000000000,6691,8563,S,2,65863,6,417,91500,65863,70,46,70.000000000000000,0.006527507834360
113,114,2,57,1,114,1,114,0,1,113,57,417,FL-417 S,S,Freeway,0.342118847831000,6789_6691,0.000000000000000,6789,6691,S,2,65863,4,417,91500,65863,70,43,70.000000000000000,0.005204235030460
114,115,2,58,1,115,1,115,0,1,114,58,417,FL-417 S,S,Freeway,0.544818945526000,6052_8088,0.000000000000000,6052,8088,S,2,65863,5,417,78149,65863,70,39,70.000000000000000,0.008177586939680
115,116,2,59,1,116,1,116,0,1,115,59,417,FL-417 S,S,Freeway,0.079043963556300,8088_8565,0.000000000000000,8088,8565,S,2,65863,5,417,78149,65863,70,46,70.000000000000000,0.001207200560900
116,117,2,60,1,117,1,117,0,1,116,60,417,FL-417 S,S,Freeway,0.426625792594000,8565_8588,0.000000000000000,8565,8588,S,2,65863,5,417,83459,65863,70,37,70.000000000000000,0.006423783708000
117,118,2,2,1,118,1,118,0,1,117,2,429,FL-429 N,N,Freeway,0.823554797869000,9706_9710,0.000000000000000,9706,9710,N,2,65863,4,429,25600,65863,70,44,70.000000000000000,0.012066819333100
118,119,2,3,1,119,1,119,0,1,118,3,429,FL-429 N,N,Freeway,1.609530744520000,6244_9706,0.000000000000000,6244,9706,N,2,65863,4,429,25600,65863,70,90,70.000000000000000,0.023802057605100
119,120,2,4,1,120,1,120,0,1,119,4,429,FL-429 N,N,Freeway,0.373688779428000,9710_6236,0.000000000000000,9710,6236,N,2,65863,4,429,25600,65863,70,45,70.000000000000000,0.005679096198270
120,121,2,5,1,121,1,121,0,1,120,5,429,FL-429 N,N,Freeway,0.703296480051000,8048_8037,0.000000000000000,8048,8037,N,2,65863,4,429,25600,65863,70,76,70.000000000000000,0.010217490446300
121,122,2,6,1,122,1,122,0,1,121,6,429,FL-429 N,N,Freeway,0.773026993761000,8037_6764,0.000000000000000,8037,6764,N,2,65863,4,429,25600,65863,70,70,70.000000000000000,0.011624416961500
122,123,2,7,1,123,1,123,0,1,122,7,429,FL-429 N,N,Freeway,0.878892742994000,6236_8048,0.000000000000000,6236,8048,N,2,65863,4,429,25600,65863,70,79,70.000000000000000,0.013180830711600
123,124,2,8,1,124,1,124,0,1,123,8,429,FL-429 N,N,Freeway,0.644287386684000,6764_6763,0.000000000000000,6764,6763,N,2,65863,4,429,25600,65863,70,85,70.000000000000000,0.009804151847650
124,125,2,9,1,125,1,125,0,1,124,9,429,FL-429 N,N,Freeway,0.454262428776000,6763_6186,0.000000000000000,6763,6186,N,2,65863,4,429,25600,65863,70,84,70.000000000000000,0.006913219719830
125,126,2,10,1,126,1,126,0,1,125,10,429,FL-429 N,N,Freeway,0.959382957922000,8494_8462,0.000000000000000,8494,8462,E,2,65863,4,429,25600,65863,70,105,70.000000000000000,0.015359581169900
126,127,2,11,1,127,1,127,0,1,126,11,429,FL-429 N,N,Freeway,0.415449274544000,6858_8494,0.000000000000000,6858,8494,N,2,65863,4,429,25600,65863,70,61,70.000000000000000,0.006803870783800
127,128,2,12,1,128,1,128,0,1,127,12,429,FL-429 N,N,Freeway,1.239360674010000,6186_6858,0.000000000000000,6186,6858,N,2,65863,4,429,25600,65863,70,68,70.000000000000000,0.019210989631300
128,129,2,13,1,129,1,129,0,1,128,13,429,FL-429 N,N,Freeway,0.556776556083000,8462_6231,0.000000000000000,8462,6231,E,2,65863,4,429,51670,65863,70,77,70.000000000000000,0.008804746943350
129,130,2,14,1,130,1,130,0,1,129,14,429,FL-429 N,N,Freeway,0.432996428543000,8522_8498,0.000000000000000,8522,8498,W,3,65863,4,50,47500,65863,70,47,70.000000000000000,0.006314991494110
130,131,2,15,1,131,1,131,0,1,130,15,429,FL-429 N,N,Freeway,0.348546973000000,8500_8421,0.000000000000000,8500,8421,N,2,65863,4,429,70235,65863,70,51,70.000000000000000,0.005116154887680
131,132,2,16,1,132,1,132,0,1,131,16,429,FL-429 N,N,Freeway,0.448090903793000,8498_8500,0.000000000000000,8498,8500,N,2,65863,4,429,70235,65863,70,46,70.000000000000000,0.006521624883910
132,133,2,17,1,133,1,133,0,1,132,17,429,FL-429 N,N,Freeway,0.243090348749000,8470_6274,0.000000000000000,8470,6274,N,2,65863,4,429,64000,65863,70,66,70.000000000000000,0.003533280839520
133,134,2,18,1,134,1,134,0,1,133,18,429,FL-429 N,N,Freeway,0.174388282672000,6738_8522,0.000000000000000,6738,8522,E,2,65863,8,91,91446,65863,70,48,70.000000000000000,0.002542638328330
134,135,2,19,1,135,1,135,0,1,134,19,429,FL-429 N,N,Freeway,0.284164913520000,6274_6738,0.000000000000000,6274,6738,N,2,65863,4,429,64000,65863,70,48,70.000000000000000,0.004138680360020
135,136,2,20,1,136,1,136,0,1,135,20,429,FL-429 N,N,Freeway,1.316060562390000,6231_8470,0.000000000000000,6231,8470,E,2,65863,4,429,51670,65863,70,51,70.000000000000000,0.020666110743700
136,137,2,21,1,137,1,137,0,1,136,21,429,FL-429 N,N,Freeway,0.280633475566000,8425_6089,0.000000000000000,8425,6089,N,2,65863,4,429,64500,65863,70,50,70.000000000000000,0.004077348790340
137,138,2,22,1,138,1,138,0,1,137,22,429,FL-429 N,N,Freeway,0.883147628518000,8421_8425,0.000000000000000,8421,8425,N,2,65863,4,429,69256,65863,70,42,70.000000000000000,0.012874391754600
138,139,2,23,1,139,1,139,0,1,138,23,429,FL-429 N,N,Freeway,0.697166914082000,8389_8460,0.000000000000000,8389,8460,N,2,65863,4,429,81000,65863,70,53,70.000000000000000,0.011191120739700
139,140,2,24,1,140,1,140,0,1,139,24,429,FL-429 N,N,Freeway,0.291038455977000,6220_8389,0.000000000000000,6220,8389,E,2,65863,4,429,71570,65863,70,55,70.000000000000000,0.004704630359470
140,141,2,25,1,141,1,141,0,1,140,25,429,FL-429 N,N,Freeway,1.217954665390000,6089_6220,0.000000000000000,6089,6220,N,2,65863,4,429,64500,65863,70,118,70.000000000000000,0.018038480381300
141,142,2,26,1,142,1,142,0,1,141,26,429,FL-429 N,N,Freeway,0.414786972590000,6652_8320,0.000000000000000,6652,8320,N,2,65863,4,429,21000,65863,70,67,70.000000000000000,0.006061493106500
142,143,2,27,1,143,1,143,0,1,142,27,429,FL-429 N,N,Freeway,0.604044548781000,8460_6069,0.000000000000000,8460,6069,N,2,65863,4,429,81000,65863,70,44,70.000000000000000,0.008842221101430
143,144,2,28,1,144,1,144,0,1,143,28,429,FL-429 N,N,Freeway,0.545558459424000,8444_8441,0.000000000000000,8444,8441,N,2,65863,4,429,81000,65863,70,82,70.000000000000000,0.008174562705720
144,145,2,29,1,145,1,145,0,1,144,29,429,FL-429 N,N,Freeway,0.200197714159000,8441_6652,0.000000000000000,8441,6652,N,2,65863,4,429,81000,65863,70,49,70.000000000000000,0.002915863347770
145,146,2,30,1,146,1,146,0,1,145,30,429,FL-429 N,N,Freeway,0.940974073356000,6295_8444,0.000000000000000,6295,8444,N,2,65863,4,429,81000,65863,70,66,70.000000000000000,0.013836112090000
146,147,2,31,1,147,1,147,0,1,146,31,429,FL-429 N,N,Freeway,0.333264836664000,6069_6295,0.000000000000000,6069,6295,N,2,65863,4,429,81000,65863,70,44,70.000000000000000,0.004844452133380
147,148,2,32,1,148,1,148,0,1,147,32,429,FL-429 N,N,Freeway,0.701793216914000,5881_6875,0.000000000000000,5881,6875,N,2,65863,6,429,38500,65863,70,55,70.000000000000000,0.010424321088600
148,149,2,33,1,149,1,149,0,1,148,33,429,FL-429 N,N,Freeway,0.325048595864000,6222_6875,0.000000000000000,6222,6875,N,2,65863,6,429,38500,65863,70,59,70.000000000000000,0.004779540542680
149,150,2,34,1,150,1,150,0,1,149,34,429,FL-429 N,N,Freeway,0.740497466358000,6016_6222,0.000000000000000,6016,6222,W,2,65863,4,414,38500,65863,70,52,70.000000000000000,0.011253786126300
150,151,2,35,1,151,1,151,0,1,150,35,429,FL-429 N,N,Freeway,1.245062423380000,5881_5879,0.000000000000000,5881,5879,W,3,65863,4,441,25000,65863,45,58,70.000000000000000,0.018108598820200
151,152,2,36,1,152,1,152,0,1,151,36,429,FL-429 N,N,Freeway,0.326546594974000,8320_6653,0.000000000000000,8320,6653,S,2,65863,4,451,13600,65863,0,77,70.000000000000000,0.004768361322570
152,153,2,37,1,153,1,153,0,1,152,37,429,FL-429 N,N,Freeway,0.354109345007000,6016_6653,0.000000000000000,6016,6653,E,2,65863,4,414,38500,65863,70,63,70.000000000000000,0.005364508405430
153,154,2,1,1,154,1,154,0,1,153,1,429,FL-429 S,S,Freeway,1.251471516730000,6116_5880,0.000000000000000,6116,5880,W,3,65863,4,441,25000,65863,70,90,70.000000000000000,0.018203412825000
154,155,2,2,1,155,1,155,0,1,154,2,429,FL-429 S,S,Freeway,0.523487256664000,6253_6224,0.000000000000000,6253,6224,S,2,65863,4,429,25600,65863,70,67,70.000000000000000,0.007715584287820
155,156,2,4,1,156,1,156,0,1,155,4,429,FL-429 S,S,Freeway,1.277513029790000,9708_6253,0.000000000000000,9708,6253,S,2,65863,4,429,25600,65863,70,101,70.000000000000000,0.018911674683400
156,157,2,5,1,157,1,157,0,1,156,5,429,FL-429 S,S,Freeway,0.636118816833000,9704_9708,0.000000000000000,9704,9708,S,2,65863,4,429,25600,65863,70,46,70.000000000000000,0.009299215116490
157,158,2,6,1,158,1,158,0,1,157,6,429,FL-429 S,S,Freeway,0.701141028509000,8039_8035,0.000000000000000,8039,8035,S,2,65863,4,429,25600,65863,70,101,70.000000000000000,0.010186282020500
158,159,2,7,1,159,1,159,0,1,158,7,429,FL-429 S,S,Freeway,1.243788291380000,8035_9704,0.000000000000000,8035,9704,S,2,65863,4,429,25600,65863,70,65,70.000000000000000,0.018730484628800
159,160,2,8,1,160,1,160,0,1,159,8,429,FL-429 S,S,Freeway,0.800839649435000,6859_8039,0.000000000000000,6859,8039,S,2,65863,4,429,25600,65863,70,111,70.000000000000000,0.012037727896500
160,161,2,9,1,161,1,161,0,1,160,9,429,FL-429 S,S,Freeway,0.427864777443000,8492_6233,0.000000000000000,8492,6233,S,2,65863,4,429,25600,65863,70,61,70.000000000000000,0.007005944767230
161,162,2,10,1,162,1,162,0,1,161,10,429,FL-429 S,S,Freeway,0.629797241560000,6969_6859,0.000000000000000,6969,6859,S,2,65863,4,429,25600,65863,70,62,70.000000000000000,0.009587767275250
162,163,2,11,1,163,1,163,0,1,162,11,429,FL-429 S,S,Freeway,0.414004085760000,6759_6969,0.000000000000000,6759,6969,S,2,65863,4,429,25600,65863,70,84,70.000000000000000,0.006300891171500
163,164,2,12,1,164,1,164,0,1,163,12,429,FL-429 S,S,Freeway,1.283790616670000,6233_6759,0.000000000000000,6233,6759,S,2,65863,4,429,25600,65863,70,76,70.000000000000000,0.019888784032200
164,165,2,13,1,165,1,165,0,1,164,13,429,FL-429 S,S,Freeway,0.967510003583000,8464_8492,0.000000000000000,8464,8492,W,2,65863,4,429,25600,65863,70,86,70.000000000000000,0.015481832621800
165,166,2,14,1,166,1,166,0,1,165,14,429,FL-429 S,S,Freeway,0.464191004704000,8529_8524,0.000000000000000,8529,8524,S,2,65863,4,429,64000,65863,70,64,70.000000000000000,0.006765972861400
166,167,2,15,1,167,1,167,0,1,166,15,429,FL-429 S,S,Freeway,1.231105042840000,8524_6989,0.000000000000000,8524,6989,W,2,65863,4,429,53390,65863,70,44,70.000000000000000,0.018901929627100
167,168,2,16,1,168,1,168,0,1,167,16,429,FL-429 S,S,Freeway,0.299953468587000,8507_8529,0.000000000000000,8507,8529,W,3,65863,4,50,47500,65863,70,47,70.000000000000000,0.004373973275820
168,169,2,17,1,169,1,169,0,1,168,17,429,FL-429 S,S,Freeway,0.580105995913000,8423_8507,0.000000000000000,8423,8507,S,2,65863,4,429,70581,65863,70,102,70.000000000000000,0.008447504840700
169,170,2,18,1,170,1,170,0,1,169,18,429,FL-429 S,S,Freeway,0.848413117917000,6989_8464,0.000000000000000,6989,8464,W,2,65863,4,429,53390,65863,70,58,70.000000000000000,0.013541189352800
170,171,2,19,1,171,1,171,0,1,170,19,429,FL-429 S,S,Freeway,0.932471570871000,8429_8423,0.000000000000000,8429,8423,S,2,65863,4,429,72592,65863,70,60,70.000000000000000,0.013644356826600
171,172,2,20,1,172,1,172,0,1,171,20,429,FL-429 S,S,Freeway,0.308798478415000,8393_6248,0.000000000000000,8393,6248,S,2,65863,4,429,64500,65863,70,43,70.000000000000000,0.004990569378230
172,173,2,21,1,173,1,173,0,1,172,21,429,FL-429 S,S,Freeway,1.237872165170000,6248_5993,0.000000000000000,6248,5993,S,2,65863,4,429,64500,65863,70,89,70.000000000000000,0.018341342997400
173,174,2,22,1,174,1,174,0,1,173,22,429,FL-429 S,S,Freeway,0.202626820516000,5993_8395,0.000000000000000,5993,8395,S,2,65863,4,429,64500,65863,70,50,70.000000000000000,0.002943942315470
174,175,2,23,1,175,1,175,0,1,174,23,429,FL-429 S,S,Freeway,0.373292190617000,8395_8429,0.000000000000000,8395,8429,S,2,65863,4,429,64500,65863,70,98,70.000000000000000,0.005423528222070
175,176,2,24,1,176,1,176,0,1,175,24,429,FL-429 S,S,Freeway,0.671556703433000,8458_8393,0.000000000000000,8458,8393,W,2,65863,4,429,72601,65863,70,42,70.000000000000000,0.010776328713000
176,177,2,25,1,177,1,177,0,1,176,25,429,FL-429 S,S,Freeway,0.932099072127000,8438_6296,0.000000000000000,8438,6296,S,2,65863,4,429,73457,65863,70,82,70.000000000000000,0.013705635095100
177,178,2,26,1,178,1,178,0,1,177,26,429,FL-429 S,S,Freeway,0.528478076241000,8434_8438,0.000000000000000,8434,8438,S,2,65863,4,429,73457,65863,70,82,70.000000000000000,0.007925797516410
178,179,2,27,1,179,1,179,0,1,178,27,429,FL-429 S,S,Freeway,0.592448460444000,7012_8458,0.000000000000000,7012,8458,S,2,65863,4,429,81000,65863,70,44,70.000000000000000,0.008670839775300
179,180,2,28,1,180,1,180,0,1,179,28,429,FL-429 S,S,Freeway,0.332806957050000,6296_7012,0.000000000000000,6296,7012,S,2,65863,4,429,81000,65863,70,72,70.000000000000000,0.004837895687710
180,181,2,29,1,181,1,181,0,1,180,29,429,FL-429 S,S,Freeway,0.227420345353000,6255_8434,0.000000000000000,6255,8434,S,2,65863,4,429,73457,65863,70,51,70.000000000000000,0.003315232165940
181,182,2,30,1,182,1,182,0,1,181,30,429,FL-429 S,S,Freeway,0.632137811457000,6221_5990,0.000000000000000,6221,5990,E,2,65863,4,414,38500,65863,70,47,70.000000000000000,0.009576818847000
182,183,2,31,1,183,1,183,0,1,182,31,429,FL-429 S,S,Freeway,0.945777286024000,5990_8339,0.000000000000000,5990,8339,S,2,65863,4,429,21000,65863,70,59,70.000000000000000,0.014100801465900
183,184,2,32,1,184,1,184,0,1,183,32,429,FL-429 S,S,Freeway,1.029123034180000,5880_6221,0.000000000000000,5880,6221,S,2,65863,6,429,38500,65863,70,60,70.000000000000000,0.015235862771600
184,185,2,33,1,185,1,185,0,1,184,33,429,FL-429 S,S,Freeway,0.252299707485000,8339_6255,0.000000000000000,8339,6255,S,2,65863,4,451,13600,65863,70,50,70.000000000000000,0.003694098103630
185,186,2,1,1,186,1,186,0,1,185,1,528,FL-528 W,W,Freeway,1.149239296540000,6598_8091,0.000000000000000,6598,8091,S,3,99999,4,520,18615,99999,70,55,70.000000000000000,0.018890256981900
186,187,2,3,1,187,1,187,0,1,186,3,528,FL-528 W,W,Freeway,0.396100453277000,11452_8329,0.000000000000000,11452,8329,W,2,65863,6,528,80539,65863,55,67,55.000000000000000,0.006507565175230
187,188,2,4,1,188,1,188,0,1,187,4,528,FL-528 W,W,Freeway,0.232467719765000,8344_8336,0.000000000000000,8344,8336,W,2,65863,6,528,63500,65863,55,57,55.000000000000000,0.003819713078740
188,189,2,5,1,189,1,189,0,1,188,5,528,FL-528 W,W,Freeway,0.450708500052000,8336_11452,0.000000000000000,8336,11452,W,2,65863,6,528,80539,65863,55,57,55.000000000000000,0.007402806171380
189,190,2,6,1,190,1,190,0,1,189,6,528,FL-528 W,W,Freeway,0.174025220088000,8199_6602,0.000000000000000,8199,6602,W,2,65863,4,528,78462,65863,55,60,55.000000000000000,0.002860377476210
190,191,2,7,1,191,1,191,0,1,190,7,528,FL-528 W,W,Freeway,0.503939869165000,7054_6094,0.000000000000000,7054,6094,W,2,65863,6,528,63500,65863,55,55,55.000000000000000,0.008283064307460
191,192,2,8,1,192,1,192,0,1,191,8,528,FL-528 W,W,Freeway,0.356748765535000,6602_7054,0.000000000000000,6602,7054,W,2,65863,6,528,63500,65863,55,65,55.000000000000000,0.005863710190110
192,193,2,9,1,193,1,193,0,1,192,9,528,FL-528 W,W,Freeway,0.232166139071000,6094_8344,0.000000000000000,6094,8344,W,2,65863,6,528,63500,65863,55,56,55.000000000000000,0.003816026771370
193,194,2,10,1,194,1,194,0,1,193,10,528,FL-528 W,W,Freeway,0.851952168725000,8183_6664,0.000000000000000,8183,6664,W,2,65863,7,528,89199,65863,65,42,65.000000000000000,0.013967229409000
194,195,2,11,1,195,1,195,0,1,194,11,528,FL-528 W,W,Freeway,0.191843413332000,8180_8183,0.000000000000000,8180,8183,W,2,65863,7,528,89199,65863,70,33,70.000000000000000,0.003142207080180
195,196,2,12,1,196,1,196,0,1,195,12,528,FL-528 W,W,Freeway,0.309585350742000,8172_8180,0.000000000000000,8172,8180,W,2,65863,7,528,89199,65863,70,39,70.000000000000000,0.005075409436060
196,197,2,13,1,197,1,197,0,1,196,13,528,FL-528 W,W,Freeway,0.331355761779000,8055_6665,0.000000000000000,8055,6665,W,2,65863,6,528,89199,65863,70,63,70.000000000000000,0.005446220125270
197,198,2,14,1,198,1,198,0,1,197,14,528,FL-528 W,W,Freeway,0.345362370034000,6665_8172,0.000000000000000,6665,8172,W,2,65863,7,528,89199,65863,70,39,70.000000000000000,0.005676334743540
198,199,2,15,1,199,1,199,0,1,198,15,528,FL-528 W,W,Freeway,0.269871958387000,6664_8199,0.000000000000000,6664,8199,W,2,65863,4,528,78462,65863,55,63,55.000000000000000,0.004435676496010
199,200,2,16,1,200,1,200,0,1,199,16,528,FL-528 W,W,Freeway,0.680578221173000,8065_8055,0.000000000000000,8065,8055,S,3,65863,4,15,23000,65863,70,79,70.000000000000000,0.011185967621000
200,201,2,17,1,201,1,201,0,1,200,17,528,FL-528 W,W,Freeway,0.778488873040000,8007_6663,0.000000000000000,8007,6663,W,2,65863,4,528,77500,65863,70,72,70.000000000000000,0.012793491551400
201,202,2,18,1,202,1,202,0,1,201,18,528,FL-528 W,W,Freeway,0.326578194392000,8001_8007,0.000000000000000,8001,8007,N,2,65863,4,417,82802,65863,70,116,70.000000000000000,0.005367835590760
202,203,2,19,1,203,1,203,0,1,202,19,528,FL-528 W,W,Freeway,0.688888188513000,6663_8065,0.000000000000000,6663,8065,W,2,65863,4,528,77500,65863,70,68,70.000000000000000,0.011235723764600
203,204,2,20,1,204,1,204,0,1,203,20,528,FL-528 W,W,Freeway,0.554616518290000,6953_6320,0.000000000000000,6953,6320,W,2,99999,4,528,67500,99999,70,56,70.000000000000000,0.009116147145170
204,205,2,21,1,205,1,205,0,1,204,21,528,FL-528 W,W,Freeway,0.400906790324000,6667_8001,0.000000000000000,6667,8001,W,2,99999,4,528,71737,99999,70,72,70.000000000000000,0.006589546491910
205,206,2,22,1,206,1,206,0,1,205,22,528,FL-528 W,W,Freeway,0.583377203835000,6320_6667,0.000000000000000,6320,6667,W,2,99999,6,528,67500,99999,70,48,70.000000000000000,0.009588809258120
206,207,2,23,1,207,1,207,0,1,206,23,528,FL-528 W,W,Freeway,0.663365749511000,8099_8097,0.000000000000000,8099,8097,W,2,99999,4,528,60096,99999,70,59,70.000000000000000,0.010903681191000
207,208,2,24,1,208,1,208,0,1,207,24,528,FL-528 W,W,Freeway,2.319719795010000,8097_6953,0.000000000000000,8097,6953,W,2,99999,4,528,60096,99999,70,65,70.000000000000000,0.038128620520600
208,209,2,25,1,209,1,209,0,1,208,25,528,FL-528 W,W,Freeway,0.229158921073000,8112_6073,0.000000000000000,8112,6073,W,2,99999,4,528,51210,99999,70,48,70.000000000000000,0.003766476228800
209,210,2,26,1,210,1,210,0,1,209,26,528,FL-528 W,W,Freeway,3.160944260500000,6073_8099,0.000000000000000,6073,8099,W,2,99999,4,528,51210,99999,70,134,70.000000000000000,0.051955934088600
210,211,2,27,1,211,1,211,0,1,210,27,528,FL-528 W,W,Freeway,0.549981743498000,6937_6322,0.000000000000000,6937,6322,W,2,99999,4,528,51210,99999,70,103,70.000000000000000,0.009039883386910
211,212,2,28,1,212,1,212,0,1,211,28,528,FL-528 W,W,Freeway,2.317818073180000,6322_8112,0.000000000000000,6322,8112,W,2,99999,4,528,51210,99999,70,48,70.000000000000000,0.038097294763300
212,213,2,29,1,213,1,213,0,1,212,29,528,FL-528 W,W,Freeway,2.229804390460000,5943_6937,0.000000000000000,5943,6937,W,2,99999,4,528,51210,99999,70,63,70.000000000000000,0.036651279646200
213,214,2,30,1,214,1,214,0,1,213,30,528,FL-528 W,W,Freeway,1.958740204060000,8091_5943,0.000000000000000,8091,5943,W,2,99999,4,528,51210,99999,70,40,70.000000000000000,0.032196142642700
214,215,2,2,1,215,1,215,0,1,214,2,528,FL-528 E,E,Freeway,0.475330651307000,8327_8331,0.000000000000000,8327,8331,E,2,65863,6,528,63500,65863,55,67,55.000000000000000,0.007809394302300
215,216,2,3,1,216,1,216,0,1,215,3,528,FL-528 E,E,Freeway,0.507032029672000,6947_8301,0.000000000000000,6947,8301,E,2,65863,6,528,63500,65863,55,55,55.000000000000000,0.008333701719710
216,217,2,4,1,217,1,217,0,1,216,4,528,FL-528 E,E,Freeway,0.229515974678000,8341_6947,0.000000000000000,8341,6947,E,2,65863,6,528,63500,65863,55,60,55.000000000000000,0.003772482615800
217,218,2,5,1,218,1,218,0,1,217,5,528,FL-528 E,E,Freeway,0.604560913417000,8331_8341,0.000000000000000,8331,8341,E,2,65863,6,528,63500,65863,55,59,55.000000000000000,0.009931149602980
218,219,2,6,1,219,1,219,0,1,218,6,528,FL-528 E,E,Freeway,0.213732098865000,8301_8296,0.000000000000000,8301,8296,E,2,65863,4,528,71692,65863,55,55,55.000000000000000,0.003513053607200
219,220,2,7,1,220,1,220,0,1,219,7,528,FL-528 E,E,Freeway,0.736773443150000,8296_8190,0.000000000000000,8296,8190,E,2,65863,6,528,89199,65863,55,62,55.000000000000000,0.012108920927400
220,221,2,8,1,221,1,221,0,1,220,8,528,FL-528 E,E,Freeway,0.420730895759000,8190_8186,0.000000000000000,8190,8186,E,2,65863,6,528,89199,65863,65,47,65.000000000000000,0.006894680152090
221,222,2,9,1,222,1,222,0,1,221,9,528,FL-528 E,E,Freeway,0.783069502972000,8186_8176,0.000000000000000,8186,8176,E,2,65863,7,528,89199,65863,70,44,65.000000000000000,0.012834110764100
222,223,2,10,1,223,1,223,0,1,222,10,528,FL-528 E,E,Freeway,0.347769311610000,8176_6156,0.000000000000000,8176,6156,E,2,65863,7,528,89199,65863,70,39,70.000000000000000,0.005715874431510
223,224,2,11,1,224,1,224,0,1,223,11,528,FL-528 E,E,Freeway,0.683164709328000,8052_8060,0.000000000000000,8052,8060,E,2,65863,5,528,83443,65863,70,63,70.000000000000000,0.011228157921400
224,225,2,12,1,225,1,225,0,1,224,12,528,FL-528 E,E,Freeway,0.330283548486000,6156_8052,0.000000000000000,6156,8052,E,2,65863,6,528,89199,65863,70,57,70.000000000000000,0.005428500371100
225,226,2,13,1,226,1,226,0,1,225,13,528,FL-528 E,E,Freeway,0.888061025934000,8074_8019,0.000000000000000,8074,8019,E,2,65863,4,528,73393,65863,70,82,70.000000000000000,0.014596795822900
226,227,2,14,1,227,1,227,0,1,226,14,528,FL-528 E,E,Freeway,0.682798007697000,8060_6666,0.000000000000000,8060,6666,E,2,65863,4,528,77500,65863,70,64,70.000000000000000,0.011134168820000
227,228,2,15,1,228,1,228,0,1,227,15,528,FL-528 E,E,Freeway,0.508568576953000,6666_8074,0.000000000000000,6666,8074,E,2,65863,4,528,77500,65863,70,69,70.000000000000000,0.008356932925340
228,229,2,16,1,229,1,229,0,1,228,16,528,FL-528 E,E,Freeway,0.694395902645000,8019_6319,0.000000000000000,8019,6319,E,2,99999,6,528,67500,99999,70,48,70.000000000000000,0.011413682263000
229,230,2,17,1,230,1,230,0,1,229,17,528,FL-528 E,E,Freeway,2.319642533460000,6945_8095,0.000000000000000,6945,8095,E,2,99999,4,528,67500,99999,70,57,70.000000000000000,0.038127531393900
230,231,2,18,1,231,1,231,0,1,230,18,528,FL-528 E,E,Freeway,0.554688079953000,6319_6945,0.000000000000000,6319,6945,E,2,99999,4,528,67500,99999,70,98,70.000000000000000,0.009117232818020
231,232,2,19,1,232,1,232,0,1,231,19,528,FL-528 E,E,Freeway,3.044180501160000,8101_6488,0.000000000000000,8101,6488,E,2,99999,4,528,51210,99999,70,44,70.000000000000000,0.050036772779000
232,233,2,20,1,233,1,233,0,1,232,20,528,FL-528 E,E,Freeway,0.663555959976000,8095_8101,0.000000000000000,8095,8101,E,2,99999,4,528,58498,99999,70,59,70.000000000000000,0.010906764392300
233,234,2,21,1,234,1,234,0,1,233,21,528,FL-528 E,E,Freeway,2.317934921490000,8109_6321,0.000000000000000,8109,6321,E,2,99999,4,528,51210,99999,70,56,70.000000000000000,0.038099169153100
234,235,2,22,1,235,1,235,0,1,234,22,528,FL-528 E,E,Freeway,0.345291060279000,6488_8109,0.000000000000000,6488,8109,E,2,99999,4,528,51210,99999,70,51,70.000000000000000,0.005675320549120
235,236,2,23,1,236,1,236,0,1,235,23,528,FL-528 E,E,Freeway,2.261163299010000,7008_7061,0.000000000000000,7008,7061,E,2,99999,4,528,51210,99999,70,43,70.000000000000000,0.037166352061200
236,237,2,24,1,237,1,237,0,1,236,24,528,FL-528 E,E,Freeway,0.466456083110000,6321_7008,0.000000000000000,6321,7008,E,2,99999,4,528,51210,99999,70,73,70.000000000000000,0.007666994333590
237,238,2,25,1,238,1,238,0,1,237,25,528,FL-528 E,E,Freeway,2.011291984250000,7061_8083,0.000000000000000,7061,8083,E,2,99999,4,528,51210,99999,70,51,70.000000000000000,0.033059874188900
238,239,2,26,1,239,1,239,0,1,238,26,528,FL-528 E,E,Freeway,1.153924521550000,8083_6824,0.000000000000000,8083,6824,S,3,99999,4,520,18615,99999,70,83,70.000000000000000,0.018966968537900
239,240,2,1,1,240,1,240,0,1,239,1,408,E West Expy E,E,Freeway,0.262477307822000,6225_8114,0.000000000000000,6225,8114,E,2,65863,4,408,51146,65863,55,90,55.000000000000000,0.004251774834430
240,241,2,2,1,241,1,241,0,1,240,2,408,E West Expy E,E,Freeway,0.576547645962000,8114_8152,0.000000000000000,8114,8152,E,2,65863,6,408,60500,65863,65,55,65.000000000000000,0.009453088583530
241,242,2,3,1,242,1,242,0,1,241,3,408,E West Expy E,E,Freeway,0.794468178966000,8144_8146,0.000000000000000,8144,8146,E,2,65863,4,408,73500,65863,65,77,65.000000000000000,0.013046744358200
242,243,2,4,1,243,1,243,0,1,242,4,408,E West Expy E,E,Freeway,0.325527973797000,8154_6302,0.000000000000000,8154,6302,E,2,65863,4,408,73500,65863,65,87,65.000000000000000,0.005337286923180
243,244,2,5,1,244,1,244,0,1,243,5,408,E West Expy E,E,Freeway,0.190676523465000,8152_8154,0.000000000000000,8152,8154,E,2,65863,6,408,73500,65863,65,77,65.000000000000000,0.003127398187860
244,245,2,6,1,245,1,245,0,1,244,6,408,E West Expy E,E,Freeway,0.252243134747000,8146_6068,0.000000000000000,8146,6068,E,2,65863,6,408,73500,65863,65,67,65.000000000000000,0.004132540150710
245,246,2,7,1,246,1,246,0,1,245,7,408,E West Expy E,E,Freeway,0.329424838016000,6788_8144,0.000000000000000,6788,8144,E,2,65863,4,408,73500,65863,65,90,65.000000000000000,0.005416234935820
246,247,2,8,1,247,1,247,0,1,246,8,408,E West Expy E,E,Freeway,0.493190540102000,6302_6788,0.000000000000000,6302,6788,E,2,65863,4,408,73500,65863,65,59,65.000000000000000,0.008087191225980
247,248,2,9,1,248,1,248,0,1,247,9,408,E West Expy E,E,Freeway,0.492966891604000,8208_8205,0.000000000000000,8208,8205,N,3,65863,6,435,35610,65863,65,110,65.000000000000000,0.008034852564240
248,249,2,10,1,249,1,249,0,1,248,10,408,E West Expy E,E,Freeway,0.654533766357000,8205_6294,0.000000000000000,8205,6294,E,2,65863,6,408,66500,65863,65,65,65.000000000000000,0.010768016506200
249,250,2,11,1,250,1,250,0,1,249,11,408,E West Expy E,E,Freeway,0.327148275026000,6294_5905,0.000000000000000,6294,5905,E,2,65863,6,408,66500,65863,65,63,65.000000000000000,0.005382123655090
250,251,2,12,1,251,1,251,0,1,250,12,408,E West Expy E,E,Freeway,0.252460012189000,6068_8208,0.000000000000000,6068,8208,E,2,65863,6,408,73500,65863,65,67,65.000000000000000,0.004140504381780
251,252,2,13,1,252,1,252,0,1,251,13,408,E West Expy E,E,Freeway,0.245471493626000,6014_8237,0.000000000000000,6014,8237,E,2,65863,6,408,66500,65863,65,121,65.000000000000000,0.004026010421140
252,253,2,14,1,253,1,253,0,1,252,14,408,E West Expy E,E,Freeway,0.427382923572000,5905_6014,0.000000000000000,5905,6014,E,2,65863,6,408,66500,65863,65,86,65.000000000000000,0.006911557695530
253,254,2,15,1,254,1,254,0,1,253,15,408,E West Expy E,E,Freeway,0.226706669041000,8267_6679,0.000000000000000,8267,6679,E,2,65863,6,408,87957,65863,55,79,55.000000000000000,0.003729223191990
254,255,2,16,1,255,1,255,0,1,254,16,408,E West Expy E,E,Freeway,0.211098484251000,8248_8267,0.000000000000000,8248,8267,E,2,65863,6,408,85500,65863,55,95,55.000000000000000,0.003472461823360
255,256,2,17,1,256,1,256,0,1,255,17,408,E West Expy E,E,Freeway,0.265859066452000,8242_8248,0.000000000000000,8242,8248,S,3,65863,4,17,35500,65863,55,131,55.000000000000000,0.004373269392940
256,257,2,18,1,257,1,257,0,1,256,18,408,E West Expy E,E,Freeway,0.391948706948000,8237_6011,0.000000000000000,8237,6011,E,2,65863,6,408,66500,65863,65,55,65.000000000000000,0.006447693658530
257,258,2,19,1,258,1,258,0,1,257,19,408,E West Expy E,E,Freeway,0.422684222223000,8219_8213,0.000000000000000,8219,8213,E,2,65863,6,408,73750,65863,65,52,65.000000000000000,0.006624719298570
258,259,2,20,1,259,1,259,0,1,258,20,408,E West Expy E,E,Freeway,0.282358229389000,8213_8169,0.000000000000000,8213,8169,E,2,65863,6,408,84500,65863,55,71,55.000000000000000,0.004421054651220
259,260,2,21,1,260,1,260,0,1,259,21,408,E West Expy E,E,Freeway,0.527505892960000,8169_8242,0.000000000000000,8169,8242,E,2,65863,6,408,85012,65863,55,49,55.000000000000000,0.008501213875420
260,261,2,22,1,261,1,261,0,1,260,22,408,E West Expy E,E,Freeway,0.264472480694000,6011_8219,0.000000000000000,6011,8219,E,2,65863,6,408,66500,65863,65,55,65.000000000000000,0.004286767584500
261,262,2,23,1,262,1,262,0,1,261,23,408,E West Expy E,E,Freeway,0.223209028670000,8315_8311,0.000000000000000,8315,8311,E,2,65863,9,408,93000,65863,55,82,55.000000000000000,0.003662823387640
262,263,2,24,1,263,1,263,0,1,262,24,408,E West Expy E,E,Freeway,0.668274090403000,8311_6252,0.000000000000000,8311,6252,E,2,65863,10,408,125797,65863,55,62,55.000000000000000,0.010993085930700
263,264,2,25,1,264,1,264,0,1,263,25,408,E West Expy E,E,Freeway,0.344094433515000,8307_8305,0.000000000000000,8307,8305,E,2,65863,6,408,93000,65863,55,92,55.000000000000000,0.005659939656060
264,265,2,26,1,265,1,265,0,1,264,26,408,E West Expy E,E,Freeway,0.413698748900000,8305_8315,0.000000000000000,8305,8315,E,2,65863,9,408,93000,65863,55,135,55.000000000000000,0.006787748059830
265,266,2,27,1,266,1,266,0,1,265,27,408,E West Expy E,E,Freeway,0.703751292215000,6679_6276,0.000000000000000,6679,6276,W,3,65863,4,0,23980,65863,55,145,55.000000000000000,0.011538452314400
266,267,2,28,1,267,1,267,0,1,266,28,408,E West Expy E,E,Freeway,0.198420056878000,6276_8307,0.000000000000000,6276,8307,E,2,65863,6,408,93000,65863,55,148,55.000000000000000,0.003230420275280
267,268,2,29,1,268,1,268,0,1,267,29,408,E West Expy E,E,Freeway,0.483111091583000,8355_8348,0.000000000000000,8355,8348,E,2,65863,10,408,139500,65863,55,52,55.000000000000000,0.007931950221250
268,269,2,30,1,269,1,269,0,1,268,30,408,E West Expy E,E,Freeway,0.313002872394000,8348_7102,0.000000000000000,8348,7102,E,2,65863,7,408,133593,65863,65,53,65.000000000000000,0.005130047735800
269,270,2,31,1,270,1,270,0,1,269,31,408,E West Expy E,E,Freeway,0.094849285210500,7102_6309,0.000000000000000,7102,6309,E,2,65863,7,408,133593,65863,65,53,65.000000000000000,0.001559133348450
270,271,2,32,1,271,1,271,0,1,270,32,408,E West Expy E,E,Freeway,0.315680897233000,6309_6301,0.000000000000000,6309,6301,E,2,65863,7,408,133593,65863,65,81,65.000000000000000,0.005190023797190
271,272,2,33,1,272,1,272,0,1,271,33,408,E West Expy E,E,Freeway,0.478957572747000,6301_6218,0.000000000000000,6301,6218,E,2,65863,8,408,128500,65863,65,52,65.000000000000000,0.007877688942480
272,273,2,34,1,273,1,273,0,1,272,34,408,E West Expy E,E,Freeway,0.427329622562000,6252_6227,0.000000000000000,6252,6227,E,2,65863,10,408,125797,65863,55,163,55.000000000000000,0.007029566008950
273,274,2,35,1,274,1,274,0,1,273,35,408,E West Expy E,E,Freeway,0.303405656700000,6227_8355,0.000000000000000,6227,8355,E,2,65863,10,408,137874,65863,55,154,55.000000000000000,0.004991037821010
274,275,2,36,1,275,1,275,0,1,274,36,408,E West Expy E,E,Freeway,0.062031592004800,8431_6232,0.000000000000000,8431,6232,E,2,65863,8,408,128500,65863,65,64,65.000000000000000,0.001014160624890
275,276,2,37,1,276,1,276,0,1,275,37,408,E West Expy E,E,Freeway,1.094820165760000,8412_7015,0.000000000000000,8412,7015,E,2,65863,8,408,128500,65863,65,57,65.000000000000000,0.017868732464500
276,277,2,38,1,277,1,277,0,1,276,38,408,E West Expy E,E,Freeway,0.565397634032000,8408_8412,0.000000000000000,8408,8412,E,2,65863,8,408,128500,65863,65,70,65.000000000000000,0.009064875057680
277,278,2,39,1,278,1,278,0,1,277,39,408,E West Expy E,E,Freeway,0.687809032898000,6881_8431,0.000000000000000,6881,8431,E,2,65863,8,408,128500,65863,65,61,65.000000000000000,0.011309096359900
278,279,2,40,1,279,1,279,0,1,278,40,408,E West Expy E,E,Freeway,0.338968050653000,6235_6881,0.000000000000000,6235,6881,E,2,65863,8,408,128500,65863,65,63,65.000000000000000,0.005576080111540
279,280,2,41,1,280,1,280,0,1,279,41,408,E West Expy E,E,Freeway,0.077120747277800,8408_6232,0.000000000000000,8408,6232,E,2,65863,8,408,128500,65863,65,82,65.000000000000000,0.001256851834840
280,281,2,42,1,281,1,281,0,1,280,42,408,E West Expy E,E,Freeway,0.120153933304000,6218_6235,0.000000000000000,6218,6235,E,2,65863,8,408,128500,65863,65,102,65.000000000000000,0.001976559784960
281,282,2,43,1,282,1,282,0,1,281,43,408,E West Expy E,E,Freeway,0.286919626549000,8033_8027,0.000000000000000,8033,8027,S,2,65863,6,417,69354,65863,70,0,70.000000000000000,0.004720265134110
282,283,2,44,1,283,1,283,0,1,282,44,408,E West Expy E,E,Freeway,0.433971317465000,8027_6269,0.000000000000000,8027,6269,E,2,65863,5,408,74500,65863,65,54,65.000000000000000,0.007138988013680
283,284,2,45,1,284,1,284,0,1,283,45,408,E West Expy E,E,Freeway,0.216785144244000,8009_6303,0.000000000000000,8009,6303,E,2,65863,4,408,90000,65863,65,87,65.000000000000000,0.003566401145470
284,285,2,46,1,285,1,285,0,1,284,46,408,E West Expy E,E,Freeway,0.122945656264000,7015_8033,0.000000000000000,7015,8033,E,2,65863,5,408,74500,65863,65,86,65.000000000000000,0.002022557116240
285,286,2,47,1,286,1,286,0,1,285,47,408,E West Expy E,E,Freeway,0.385135760689000,6303_6305,0.000000000000000,6303,6305,E,2,65863,4,408,90000,65863,65,90,65.000000000000000,0.006336052525370
286,287,2,48,1,287,1,287,0,1,286,48,408,E West Expy E,E,Freeway,0.347516098224000,6269_8009,0.000000000000000,6269,8009,E,2,65863,4,408,82794,65863,65,55,65.000000000000000,0.005716646731470
287,288,2,49,1,288,1,288,0,1,287,49,408,E West Expy E,E,Freeway,0.605448279068000,8077_8070,0.000000000000000,8077,8070,E,2,65863,5,408,79637,65863,65,85,65.000000000000000,0.009954562801340
288,289,2,50,1,289,1,289,0,1,288,50,408,E West Expy E,E,Freeway,0.195538521292000,8070_6690,0.000000000000000,8070,6690,E,2,65863,4,408,70000,65863,65,43,65.000000000000000,0.003211216104350
289,290,2,51,1,290,1,290,0,1,289,51,408,E West Expy E,E,Freeway,1.074325887630000,8041_6970,0.000000000000000,8041,6970,E,2,65863,4,408,38500,65863,65,48,65.000000000000000,0.017468292114600
290,291,2,52,1,291,1,291,0,1,290,52,408,E West Expy E,E,Freeway,0.446478018899000,6690_8041,0.000000000000000,6690,8041,E,2,65863,4,408,68516,65863,65,55,65.000000000000000,0.007327834984680
291,292,2,53,1,292,1,292,0,1,291,53,408,E West Expy E,E,Freeway,0.142732433716000,6305_8077,0.000000000000000,6305,8077,E,2,65863,4,408,90000,65863,65,60,65.000000000000000,0.002348160318310
292,293,2,54,1,293,1,293,0,1,292,54,408,E West Expy E,E,Freeway,0.470339973172000,6970_8174,0.000000000000000,6970,8174,E,2,65863,4,408,38500,65863,65,79,65.000000000000000,0.006869121948000
293,294,2,1,1,294,1,294,0,1,293,1,408,E West Expy W,W,Freeway,0.498662548024000,8178_6921,0.000000000000000,8178,6921,W,2,65863,4,408,38500,65863,65,79,65.000000000000000,0.007273064537370
294,295,2,2,1,295,1,295,0,1,294,2,408,E West Expy W,W,Freeway,0.326338353053000,8150_8116,0.000000000000000,8150,8116,W,2,65863,6,408,60500,65863,65,61,65.000000000000000,0.005348296253110
295,296,2,3,1,296,1,296,0,1,295,3,408,E West Expy W,W,Freeway,0.246345655819000,8116_6273,0.000000000000000,8116,6273,W,2,65863,4,408,51303,65863,55,61,55.000000000000000,0.003987014207170
296,297,2,4,1,297,1,297,0,1,296,4,408,E West Expy W,W,Freeway,0.792189706103000,8210_8148,0.000000000000000,8210,8148,W,2,65863,4,408,73500,65863,65,49,65.000000000000000,0.013009075557000
297,298,2,5,1,298,1,298,0,1,297,5,408,E West Expy W,W,Freeway,0.460746220134000,8156_8150,0.000000000000000,8156,8150,W,2,65863,6,408,67299,65863,65,62,65.000000000000000,0.007555945385790
298,299,2,6,1,299,1,299,0,1,298,6,408,E West Expy W,W,Freeway,0.330670752682000,8148_6298,0.000000000000000,8148,6298,W,2,65863,4,408,73500,65863,65,59,65.000000000000000,0.005436139532150
299,300,2,7,1,300,1,300,0,1,299,7,408,E West Expy W,W,Freeway,0.325558727708000,6300_8156,0.000000000000000,6300,8156,W,2,65863,4,408,73500,65863,65,77,65.000000000000000,0.005338466891270
300,301,2,8,1,301,1,301,0,1,300,8,408,E West Expy W,W,Freeway,0.493639345720000,6298_6300,0.000000000000000,6298,6300,W,2,65863,4,408,73500,65863,65,137,65.000000000000000,0.008093836478360
301,302,2,9,1,302,1,302,0,1,301,9,408,E West Expy W,W,Freeway,0.254236253283000,8203_6930,0.000000000000000,8203,6930,W,2,65863,6,408,73500,65863,65,77,65.000000000000000,0.004171383996530
302,303,2,10,1,303,1,303,0,1,302,10,408,E West Expy W,W,Freeway,0.492661043524000,8201_8203,0.000000000000000,8201,8203,W,2,65863,6,408,70075,65863,65,110,65.000000000000000,0.008028487617020
303,304,2,11,1,304,1,304,0,1,303,11,408,E West Expy W,W,Freeway,0.555854459116000,6994_8201,0.000000000000000,6994,8201,W,2,65863,6,408,66500,65863,65,61,65.000000000000000,0.009144581689730
304,305,2,12,1,305,1,305,0,1,304,12,408,E West Expy W,W,Freeway,0.252851879401000,6930_8210,0.000000000000000,6930,8210,W,2,65863,6,408,73500,65863,65,68,65.000000000000000,0.004143148343470
305,306,2,13,1,306,1,306,0,1,305,13,408,E West Expy W,W,Freeway,0.471200403667000,6489_6994,0.000000000000000,6489,6994,W,2,65863,6,408,66500,65863,65,127,65.000000000000000,0.007751996695470
306,307,2,14,1,307,1,307,0,1,306,14,408,E West Expy W,W,Freeway,0.378712948498000,5934_6489,0.000000000000000,5934,6489,W,2,65863,6,408,66500,65863,65,86,65.000000000000000,0.006114603315800
307,308,2,15,1,308,1,308,0,1,307,15,408,E West Expy W,W,Freeway,0.265913166567000,8254_8252,0.000000000000000,8254,8252,W,2,65863,6,408,85901,65863,55,162,55.000000000000000,0.004374125980840
308,309,2,16,1,309,1,309,0,1,308,16,408,E West Expy W,W,Freeway,0.536053876180000,8252_8244,0.000000000000000,8252,8244,W,2,65863,6,408,84966,65863,55,166,55.000000000000000,0.008631928022190
309,310,2,17,1,310,1,310,0,1,309,17,408,E West Expy W,W,Freeway,0.234501175013000,8244_8217,0.000000000000000,8244,8217,W,2,65863,6,408,84500,65863,55,71,55.000000000000000,0.003670993750230
310,311,2,18,1,311,1,311,0,1,310,18,408,E West Expy W,W,Freeway,0.530374073551000,8239_5934,0.000000000000000,8239,5934,W,2,65863,6,408,66500,65863,65,121,65.000000000000000,0.008710974603430
311,312,2,19,1,312,1,312,0,1,311,19,408,E West Expy W,W,Freeway,0.470414236762000,8217_8215,0.000000000000000,8217,8215,W,2,65863,6,408,73340,65863,65,182,65.000000000000000,0.007375726840030
312,313,2,20,1,313,1,313,0,1,312,20,408,E West Expy W,W,Freeway,0.257614084240000,8215_6440,0.000000000000000,8215,6440,W,2,65863,6,408,66500,65863,65,129,65.000000000000000,0.004179898808510
313,314,2,21,1,314,1,314,0,1,313,21,408,E West Expy W,W,Freeway,0.108833365524000,6440_8239,0.000000000000000,6440,8239,W,2,65863,6,408,66500,65863,65,52,65.000000000000000,0.001790121366300
314,315,2,22,1,315,1,315,0,1,314,22,408,E West Expy W,W,Freeway,0.183840797773000,8318_8309,0.000000000000000,8318,8309,W,2,65863,9,408,93000,65863,55,68,55.000000000000000,0.003023037341890
315,316,2,23,1,316,1,316,0,1,315,23,408,E West Expy W,W,Freeway,0.466751856883000,8313_6737,0.000000000000000,8313,6737,W,2,65863,8,408,93000,65863,55,92,55.000000000000000,0.007677396800240
316,317,2,24,1,317,1,317,0,1,316,24,408,E West Expy W,W,Freeway,0.396972045378000,8309_8313,0.000000000000000,8309,8313,W,2,65863,9,408,93000,65863,55,136,55.000000000000000,0.006504331392670
317,318,2,25,1,318,1,318,0,1,317,25,408,E West Expy W,W,Freeway,0.301334366325000,8274_8272,0.000000000000000,8274,8272,S,1,65863,7,4,144500,65863,55,0,55.000000000000000,0.004956806197260
318,319,2,26,1,319,1,319,0,1,318,26,408,E West Expy W,W,Freeway,0.523750841413000,8272_8254,0.000000000000000,8272,8254,W,2,65863,6,408,85901,65863,55,67,55.000000000000000,0.008615284212670
319,320,2,27,1,320,1,320,0,1,319,27,408,E West Expy W,W,Freeway,0.312836275073000,6737_6230,0.000000000000000,6737,6230,W,3,65863,4,0,23980,65863,55,145,55.000000000000000,0.005089346157530
320,321,2,28,1,321,1,321,0,1,320,28,408,E West Expy W,W,Freeway,0.203469708857000,6230_8274,0.000000000000000,6230,8274,W,3,65863,4,0,23980,65863,55,129,55.000000000000000,0.003332599546690
321,322,2,29,1,322,1,322,0,1,321,29,408,E West Expy W,W,Freeway,0.314179016856000,6307_6229,0.000000000000000,6307,6229,W,2,65863,7,408,139500,65863,65,59,65.000000000000000,0.005150464642920
322,323,2,30,1,323,1,323,0,1,322,30,408,E West Expy W,W,Freeway,0.426158958780000,8353_6185,0.000000000000000,8353,6185,W,2,65863,10,408,137612,65863,55,163,55.000000000000000,0.007010339793630
323,324,2,31,1,324,1,324,0,1,323,31,408,E West Expy W,W,Freeway,0.408777092475000,8188_6226,0.000000000000000,8188,6226,W,2,65863,7,408,139500,65863,65,56,65.000000000000000,0.006719326300580
324,325,2,32,1,325,1,325,0,1,324,32,408,E West Expy W,W,Freeway,0.315060560134000,6229_6177,0.000000000000000,6229,6177,W,2,65863,7,408,139500,65863,55,88,55.000000000000000,0.005170663197890
325,326,2,33,1,326,1,326,0,1,325,33,408,E West Expy W,W,Freeway,0.002813118047580,6226_6307,0.000000000000000,6226,6307,W,2,65863,7,408,139500,65863,65,53,65.000000000000000,0.000046208600858
326,327,2,34,1,327,1,327,0,1,326,34,408,E West Expy W,W,Freeway,0.600533409331000,6185_8318,0.000000000000000,6185,8318,W,2,65863,9,408,93000,65863,55,82,55.000000000000000,0.009878677042870
327,328,2,35,1,328,1,328,0,1,327,35,408,E West Expy W,W,Freeway,0.468851634629000,6177_8353,0.000000000000000,6177,8353,W,2,65863,10,408,139500,65863,55,154,55.000000000000000,0.007712333979220
328,329,2,36,1,329,1,329,0,1,328,36,408,E West Expy W,W,Freeway,0.495471928455000,8427_6883,0.000000000000000,8427,6883,W,2,65863,8,408,128500,65863,65,64,65.000000000000000,0.008144468201130
329,330,2,37,1,330,1,330,0,1,329,37,408,E West Expy W,W,Freeway,0.182518425946000,8406_8427,0.000000000000000,8406,8427,W,2,65863,8,408,128500,65863,65,64,65.000000000000000,0.002971728025030
330,331,2,38,1,331,1,331,0,1,330,38,408,E West Expy W,W,Freeway,0.146797621086000,8376_6256,0.000000000000000,8376,6256,W,2,65863,7,408,128500,65863,65,52,65.000000000000000,0.002414870801070
331,332,2,39,1,332,1,332,0,1,331,39,408,E West Expy W,W,Freeway,0.517864622603000,6918_8406,0.000000000000000,6918,8406,W,2,65863,8,408,128500,65863,65,115,65.000000000000000,0.008291812169290
332,333,2,40,1,333,1,333,0,1,332,40,408,E West Expy W,W,Freeway,0.650045276787000,6883_8376,0.000000000000000,6883,8376,W,2,65863,8,408,128500,65863,65,61,65.000000000000000,0.010693451283000
333,334,2,41,1,334,1,334,0,1,333,41,408,E West Expy W,W,Freeway,0.332614900448000,6256_8188,0.000000000000000,6256,8188,N,3,65863,6,436,60000,65863,65,52,65.000000000000000,0.005470482258990
334,335,2,42,1,335,1,335,0,1,334,42,408,E West Expy W,W,Freeway,0.186058360600000,8024_6971,0.000000000000000,8024,6971,W,2,65863,5,408,74500,65863,65,79,65.000000000000000,0.003060609792650
335,336,2,43,1,336,1,336,0,1,335,43,408,E West Expy W,W,Freeway,0.433746144336000,8013_8024,0.000000000000000,8013,8024,W,2,65863,5,408,74500,65863,65,70,65.000000000000000,0.007135452915800
336,337,2,44,1,337,1,337,0,1,336,44,408,E West Expy W,W,Freeway,0.346659844981000,8005_8013,0.000000000000000,8005,8013,W,2,65863,4,408,82724,65863,65,60,65.000000000000000,0.005702521845620
337,338,2,45,1,338,1,338,0,1,337,45,408,E West Expy W,W,Freeway,0.791772800962000,6971_6258,0.000000000000000,6971,6258,S,2,65863,6,417,69354,65863,70,0,70.000000000000000,0.013023779959800
338,339,2,46,1,339,1,339,0,1,338,46,408,E West Expy W,W,Freeway,0.324815536283000,6879_6918,0.000000000000000,6879,6918,W,2,65863,5,408,74500,65863,65,67,65.000000000000000,0.005224882994900
339,340,2,47,1,340,1,340,0,1,339,47,408,E West Expy W,W,Freeway,0.218825062291000,6308_8005,0.000000000000000,6308,8005,W,2,65863,4,408,90000,65863,65,90,65.000000000000000,0.003599867604120
340,341,2,48,1,341,1,341,0,1,340,48,408,E West Expy W,W,Freeway,0.209349816692000,6258_6879,0.000000000000000,6258,6879,W,2,65863,5,408,74500,65863,65,55,65.000000000000000,0.003423592730200
341,342,2,49,1,342,1,342,0,1,341,49,408,E West Expy W,W,Freeway,0.211793361359000,8057_6045,0.000000000000000,8057,6045,W,2,65863,5,408,79495,65863,65,122,65.000000000000000,0.003482951889120
342,343,2,50,1,343,1,343,0,1,342,50,408,E West Expy W,W,Freeway,0.107193352920000,8043_6946,0.000000000000000,8043,6946,W,2,65863,4,408,68419,65863,65,53,65.000000000000000,0.001756633499430
343,344,2,51,1,344,1,344,0,1,343,51,408,E West Expy W,W,Freeway,0.705197877788000,6946_8057,0.000000000000000,6946,8057,W,2,65863,4,408,70000,65863,65,55,65.000000000000000,0.011580182401000
344,345,2,52,1,345,1,345,0,1,344,52,408,E West Expy W,W,Freeway,0.383520670377000,6306_6308,0.000000000000000,6306,6308,W,2,65863,4,408,90000,65863,65,113,65.000000000000000,0.006309511605610
345,346,2,53,1,346,1,346,0,1,345,53,408,E West Expy W,W,Freeway,0.364528650905000,6045_6306,0.000000000000000,6045,6306,W,2,65863,5,408,90000,65863,65,93,65.000000000000000,0.005997134043670
346,347,2,54,1,347,1,347,0,1,346,54,408,E West Expy W,W,Freeway,1.068380521120000,6921_8043,0.000000000000000,6921,8043,W,2,65863,4,408,68419,65863,65,79,65.000000000000000,0.017356008186900