,VolumeUp,AvgSpeedUp,StdSpeedUp,CoefOfVarSpeedUp,AvgOccupancyUp,StdOccupancyUp,CoefOfVarOccupancyUp,VolumeDown,AvgSpeedDown,StdSpeedDown,CoefOfVarSpeedDown,AvgOccupancyDown,StdOccupancyDown,CoefOfVarOccupancyDown,SegmentId
0,82515.59282371296,63.97878974916516,4.937510573988962,0.07886690350454593,3.3130439785115127,3.495396275872784,0.9668138438226616,40418.93827160494,61.04486596484816,6.260505291655964,0.10374144197184279,4.0025968805816,3.46610228044869,0.8309213167722282,8581_7010
1,40418.93827160494,61.04486596484816,6.260505291655964,0.10374144197184279,4.0025968805816,3.46610228044869,0.8309213167722282,40269.1599378882,62.43272490454508,8.097970588554544,0.13211545139335362,5.128214486073672,6.048369802654918,1.102055840705757,7010_6916
2,40269.1599378882,62.43272490454508,8.097970588554544,0.13211545139335362,5.128214486073672,6.048369802654918,1.102055840705757,40668.35294117647,71.45919705094887,7.197392919601391,0.10226127559953868,6.617264843041017,5.584334673336671,0.8288828949087528,6916_6959
3,24239.03086419753,70.97693656487141,5.122024181137458,0.07377042214342719,4.057231842552335,3.9362788940304134,0.8982786893158161,82515.59282371296,63.97878974916516,4.937510573988962,0.07886690350454593,3.3130439785115127,3.495396275872784,0.9668138438226616,6044_8581
4,40222.14057507987,68.22430482518448,4.140600591007185,0.06104691849989397,3.717838592480703,2.5763328180943192,0.6899963524266586,44950.68827160494,63.71852927840979,4.469927125042101,0.07100481920135601,4.426042451804012,3.560473176779499,0.7805460561895599,8287_8107
5,42582.607142857145,65.86466509837348,4.631306996355561,0.07303929311862588,4.414818775162701,2.8717242591617214,0.6520915847555564,44862.70652173913,60.67597322072567,5.293698709045937,0.08743450728867683,4.412979453093963,2.668667035132203,0.6054324544620001,8280_8017
6,44950.68827160494,63.71852927840979,4.469927125042101,0.07100481920135601,4.426042451804012,3.560473176779499,0.7805460561895599,42582.607142857145,65.86466509837348,4.631306996355561,0.07303929311862588,4.414818775162701,2.8717242591617214,0.6520915847555564,8107_8280
7,40668.35294117647,71.45919705094887,7.197392919601391,0.10226127559953868,6.617264843041017,5.584334673336671,0.8288828949087528,40222.14057507987,68.22430482518448,4.140600591007185,0.06104691849989397,3.717838592480703,2.5763328180943192,0.6899963524266586,6959_8287
8,42143.48222565688,69.07726734191466,2.5719349386190866,0.0373960829944916,2.9159633998572727,1.776332845668806,0.6075930448346093,42329.20775193798,67.61870699113558,2.6253108724373204,0.039052552642734446,2.679458400381082,1.6365546956377528,0.6025277116190212,9178_7997
9,44862.70652173913,60.67597322072567,5.293698709045937,0.08743450728867683,4.412979453093963,2.668667035132203,0.6054324544620001,38367.478125,63.64854489858412,4.15756914312933,0.06553947517960818,3.7271971870855496,2.3372696629564893,0.6263936922991109,8017_6167
10,42329.20775193798,67.61870699113558,2.6253108724373204,0.039052552642734446,2.679458400381082,1.6365546956377528,0.6025277116190212,38532.608359133126,67.97348613422292,3.31506599810885,0.04930963763058334,4.077227635082066,2.730786742930276,0.6570255484847027,7997_8466
11,38367.478125,63.64854489858412,4.15756914312933,0.06553947517960818,3.7271971870855496,2.3372696629564893,0.6263936922991109,42143.48222565688,69.07726734191466,2.5719349386190866,0.0373960829944916,2.9159633998572727,1.776332845668806,0.6075930448346093,6167_9178
12,38532.608359133126,67.97348613422292,3.31506599810885,0.04930963763058334,4.077227635082066,2.730786742930276,0.6570255484847027,38525.69598765432,69.52388531325944,3.5443348255223244,0.05130804874190714,5.682683564922019,3.8415737087358823,0.6733434009237141,8466_7095
13,38525.69598765432,69.52388531325944,3.5443348255223244,0.05130804874190714,5.682683564922019,3.8415737087358823,0.6733434009237141,37475.78139534884,67.57941776842229,3.4022266391808493,0.05052689984659276,3.5642740503530757,2.166166871005763,0.6066269527647947,7095_6630
14,25461.083850931678,70.56046082550678,3.1746661532475566,0.04504881380410238,3.198388059584502,1.9394632222112411,0.6069324914665991,25461.083850931678,70.56046082550678,3.1746661532475566,0.04504881380410238,3.198388059584502,1.9394632222112411,0.6069324914665991,6854_11007
15,37475.78139534884,67.57941776842229,3.4022266391808493,0.05052689984659276,3.5642740503530757,2.166166871005763,0.6066269527647947,38387.81085271318,67.37878342772693,2.7582635575457464,0.04103734996235269,3.981482563067969,2.4403808180167887,0.6130016031102885,6630_6324
16,38387.81085271318,67.37878342772693,2.7582635575457464,0.04103734996235269,3.981482563067969,2.4403808180167887,0.6130016031102885,25461.083850931678,70.56046082550678,3.1746661532475566,0.04504881380410238,3.198388059584502,1.9394632222112411,0.6069324914665991,6324_6854
17,31851.9520123839,73.80452761404312,2.2821156267586264,0.03098611959765392,2.018166198222379,1.346854955138996,0.6659021591865791,31729.772797527046,73.04239874477359,2.451844970698019,0.03368589472354043,2.743341572286329,1.879575448609814,0.6805636164499778,8476_8600
18,31244.04730831974,68.77140496614324,2.500155672271688,0.03639637341191849,1.8949803832461134,1.2494403539888546,0.659772391000216,31851.9520123839,73.80452761404312,2.2821156267586264,0.03098611959765392,2.018166198222379,1.346854955138996,0.6659021591865791,11010_8476
19,25461.083850931678,70.56046082550678,3.1746661532475566,0.04504881380410238,3.198388059584502,1.9394632222112411,0.6069324914665991,27682.75292153589,72.04656117367097,2.404888943314417,0.03361048211733855,2.3713470466646274,1.6390585519079945,0.6628905154095919,11007_8480
20,31729.772797527046,73.04239874477359,2.451844970698019,0.03368589472354043,2.743341572286329,1.879575448609814,0.6805636164499778,31898.29938271605,71.06519613883438,2.624732050972159,0.037015498293565645,2.766286916397166,1.8881400296383728,0.6802921468481142,8600_8520
21,31898.29938271605,71.06519613883438,2.624732050972159,0.037015498293565645,2.766286916397166,1.8881400296383728,0.6802921468481142,31191.521604938273,69.02736114764629,3.1483181086024263,0.045772002973840265,2.747006992802655,1.9671550955589339,0.7077925827373835,8520_8502
22,27682.75292153589,72.04656117367097,2.404888943314417,0.03361048211733855,2.3713470466646274,1.6390585519079945,0.6628905154095919,31244.04730831974,68.77140496614324,2.500155672271688,0.03639637341191849,1.8949803832461134,1.2494403539888546,0.659772391000216,8480_11010
23,31191.521604938273,69.02736114764629,3.1483181086024263,0.045772002973840265,2.747006992802655,1.9671550955589339,0.7077925827373835,52492.283931357255,75.17990780205176,2.712057491880409,0.03633380279578846,3.9674025611993224,2.94106889385256,0.7324959595199575,8502_6701
24,52492.283931357255,75.17990780205176,2.712057491880409,0.03633380279578846,3.9674025611993224,2.94106889385256,0.7324959595199575,30732.21826625387,73.13610495276585,2.707806938262946,0.0371983579968857,3.8544553937857993,2.7845679442804157,0.7162384907162204,6701_5900
25,34293.616692426585,69.0044033166222,3.332025920440785,0.0488834535689883,2.9945209352758853,2.496737094550127,0.7977003149785985,34189.15905511811,70.19645113824743,3.328207330636132,0.04789842522304848,3.2773767431936136,2.470194649931102,0.7400932851243731,8598_8531
26,31162.67438271605,68.57730812216866,2.5658868374779806,0.03756267046455144,2.716634965584585,1.9982956310304878,0.7261914059625625,34293.616692426585,69.0044033166222,3.332025920440785,0.0488834535689883,2.9945209352758853,2.496737094550127,0.7977003149785985,8512_8598
27,30732.21826625387,73.13610495276585,2.707806938262946,0.0371983579968857,3.8544553937857993,2.7845679442804157,0.7162384907162204,31162.67438271605,68.57730812216866,2.5658868374779806,0.03756267046455144,2.716634965584585,1.9982956310304878,0.7261914059625625,5900_8512
28,36468.14664586583,70.40259627910727,4.0597345501700275,0.058412412575594895,4.079384914247348,3.1904437206371306,0.7577143263679365,37628.906095551894,64.76066933762452,5.04503054373022,0.07859647420016892,3.347426574188858,2.585924792608219,0.751943345135079,8540_8538
29,37628.906095551894,64.76066933762452,5.04503054373022,0.07859647420016892,3.347426574188858,2.585924792608219,0.751943345135079,37392.385802469136,71.83284552835883,3.9063306881166064,0.055054750148859063,5.460825119745814,4.120564153185151,0.7444215676769607,8538_6642
30,35730.918209876545,67.20701847991931,4.8016386935340485,0.07220193211084304,4.313008277520281,3.4405199325821143,0.7760821434288762,36468.14664586583,70.40259627910727,4.0597345501700275,0.058412412575594895,4.079384914247348,3.1904437206371306,0.7577143263679365,8533_8540
31,34189.15905511811,70.19645113824743,3.328207330636132,0.04789842522304848,3.2773767431936136,2.470194649931102,0.7400932851243731,35730.918209876545,67.20701847991931,4.8016386935340485,0.07220193211084304,4.313008277520281,3.4405199325821143,0.7760821434288762,8531_8533
32,37683.75503355705,70.72922111965289,3.1899659929900315,0.045537286795785545,3.3386928282026105,2.543022851521215,0.7531797161686637,28045.4062992126,74.79769190322942,2.828480650307391,0.038142148737889174,3.521328666541896,2.7881322343624397,0.7737569667864911,7993_7091
33,28045.4062992126,74.79769190322942,2.828480650307391,0.038142148737889174,3.521328666541896,2.7881322343624397,0.7737569667864911,52204.28086419753,73.09716732018893,2.6157414112446293,0.036113936669903604,3.5402051497517903,2.448188592945909,0.6745113835953891,7091_6173
34,37392.385802469136,71.83284552835883,3.9063306881166064,0.055054750148859063,5.460825119745814,4.120564153185151,0.7444215676769607,37683.75503355705,70.72922111965289,3.1899659929900315,0.045537286795785545,3.3386928282026105,2.543022851521215,0.7531797161686637,6642_7993
35,52204.28086419753,73.09716732018893,2.6157414112446293,0.036113936669903604,3.5402051497517903,2.448188592945909,0.6745113835953891,52055.81327160494,70.70933126725865,2.7396041147401715,0.03897069559475943,3.2862050231870366,2.2097250347226467,0.6599324891787475,6173_8544
36,52446.43565891473,72.64359266188927,2.3074581406140937,0.031874667411068945,3.267465895831475,2.325987268938216,0.693099451396127,48964.53086419753,71.60164431691452,7.4992784497229135,0.1630327429825462,3.490403891086742,2.433296283368237,0.6853611781039388,8557_8553
37,48964.53086419753,71.60164431691452,7.4992784497229135,0.1630327429825462,3.490403891086742,2.433296283368237,0.6853611781039388,48739.279320987655,74.18471828292562,2.6663062953923706,0.03623211913298727,4.850988549180963,3.4223985347465877,0.6923178854875168,8553_6689
38,52055.81327160494,70.70933126725865,2.7396041147401715,0.03897069559475943,3.2862050231870366,2.2097250347226467,0.6599324891787475,53675.85493827161,70.38411225823667,2.8206218033993995,0.040327192167111794,3.7210892607033244,2.600681990079455,0.6873258187975407,8544_8386
39,53675.85493827161,70.38411225823667,2.8206218033993995,0.040327192167111794,3.7210892607033244,2.600681990079455,0.6873258187975407,53221.49228395062,68.07848731058603,2.7941535716202472,0.04126337354133577,3.429543310166127,2.2598319306982138,0.6485521039836748,8386_6314
40,53004.01388888889,72.79267934707335,2.170195757103971,0.029897727436508852,3.4522093192026686,2.43288138834039,0.6953955606813114,52446.43565891473,72.64359266188927,2.3074581406140937,0.031874667411068945,3.267465895831475,2.325987268938216,0.693099451396127,6965_8557
41,52588.81481481482,67.21480535649783,2.288160633709935,0.03419396238280897,3.526067277884663,2.384132023447544,0.6663715067129158,53004.01388888889,72.79267934707335,2.170195757103971,0.029897727436508852,3.4522093192026686,2.43288138834039,0.6953955606813114,6315_6965
42,53221.49228395062,68.07848731058603,2.7941535716202472,0.04126337354133577,3.429543310166127,2.2598319306982138,0.6485521039836748,52588.81481481482,67.21480535649783,2.288160633709935,0.03419396238280897,3.526067277884663,2.384132023447544,0.6663715067129158,6314_6315
43,44923.78792822186,69.40904405071103,2.7993915347246494,0.04080934791065453,3.7265525141033944,2.7178224409121445,0.7107420481483998,8690.87284144427,44.64064790190928,2.8373582307654956,0.06359872605276529,3.3214395176624145,2.4005047962691455,0.7138018256394645,6035_2529
44,44923.78792822186,69.40904405071103,2.7993915347246494,0.04080934791065453,3.7265525141033944,2.7178224409121445,0.7107420481483998,44923.78792822186,69.40904405071103,2.7993915347246494,0.04080934791065453,3.7265525141033944,2.7178224409121445,0.7107420481483998,6035_11878
45,40832.152037617554,67.4525493907911,3.9778328952487843,0.05994021700064928,4.223590539785713,3.1313861477644958,0.7234604968394777,48872.64351851852,66.34370769298769,2.4582809576949196,0.03737595272621044,2.578688528655594,1.8862641617403857,0.6958662573287492,11876_8570
46,48872.64351851852,66.34370769298769,2.4582809576949196,0.03737595272621044,2.578688528655594,1.8862641617403857,0.6958662573287492,46234.51234567901,67.34439069174978,5.018401516792931,0.3192072518163166,3.416807992498062,2.9052500157678653,0.7875361410834736,8570_6966
47,46234.51234567901,67.34439069174978,5.018401516792931,0.3192072518163166,3.416807992498062,2.9052500157678653,0.7875361410834736,48462.34316770186,68.47665562575146,4.141668052581479,0.061349067878499364,3.022526281057657,2.533117762738409,0.7807254890443264,6966_8451
48,48739.279320987655,74.18471828292562,2.6663062953923706,0.03623211913298727,4.850988549180963,3.4223985347465877,0.6923178854875168,44923.78792822186,69.40904405071103,2.7993915347246494,0.04080934791065453,3.7265525141033944,2.7178224409121445,0.7107420481483998,6689_11878
49,8690.87284144427,44.64064790190928,2.8373582307654956,0.06359872605276529,3.3214395176624145,2.4005047962691455,0.7138018256394645,40832.152037617554,67.4525493907911,3.9778328952487843,0.05994021700064928,4.223590539785713,3.1313861477644958,0.7234604968394777,2529_11876
50,29400.73953488372,60.69041815634672,6.598149322233211,0.1104340306404412,3.495808932850102,3.4687533775848105,0.9137301408078564,37865.93672839506,67.6879221217049,8.022213360925479,0.12117989882979671,3.892268496176487,4.671263735053913,1.0683783034917114,8585_8449
51,48462.34316770186,68.47665562575146,4.141668052581479,0.061349067878499364,3.022526281057657,2.533117762738409,0.7807254890443264,46764.4737654321,68.05073517720797,5.285151437993338,0.07909920957607909,3.4778398788825484,3.236350523906736,0.8568800177330994,8451_2531
52,45366.69720496894,64.94813226606689,4.232772672138009,0.06582736590712414,2.819173594908442,2.3277139883513076,0.7790095058724515,29400.73953488372,60.69041815634672,6.598149322233211,0.1104340306404412,3.495808932850102,3.4687533775848105,0.9137301408078564,8120_8585
53,48546.21913580247,62.5097648263502,4.162312962496028,0.06745662506144781,3.5122675903922835,2.942330742154067,0.7914853487215285,45366.69720496894,64.94813226606689,4.232772672138009,0.06582736590712414,2.819173594908442,2.3277139883513076,0.7790095058724515,6318_8120
54,45892.48367029549,64.78659941237007,5.3649443905712255,0.08434202320217352,4.611956050880248,3.403692480076008,0.7051509386699804,48546.21913580247,62.5097648263502,4.162312962496028,0.06745662506144781,3.5122675903922835,2.942330742154067,0.7914853487215285,6317_6318
55,45747.61111111111,68.20437250090669,6.395858300250295,0.09577712149661288,5.419222845190227,4.367397910802047,0.7711044353765549,45892.48367029549,64.78659941237007,5.3649443905712255,0.08434202320217352,4.611956050880248,3.403692480076008,0.7051509386699804,6046_6317
56,46764.4737654321,68.05073517720797,5.285151437993338,0.07909920957607909,3.4778398788825484,3.236350523906736,0.8568800177330994,45747.61111111111,68.20437250090669,6.395858300250295,0.09577712149661288,5.419222845190227,4.367397910802047,0.7711044353765549,2531_6046
57,37865.93672839506,67.6879221217049,8.022213360925479,0.12117989882979671,3.892268496176487,4.671263735053913,1.0683783034917114,39459.734567901236,69.61601138207695,8.834211428439339,0.13038995221288519,5.005270059090962,5.518056404580081,1.0036618861176807,8449_5988
58,39459.734567901236,69.61601138207695,8.834211428439339,0.13038995221288519,5.005270059090962,5.518056404580081,1.0036618861176807,41022.101851851854,69.14327290644236,4.9222917371957315,0.07219375999177242,5.591788380975544,4.126671224668363,0.7344943994630767,5988_6758
59,83511.48673946958,66.98878598101157,2.1985934725647818,0.03283805461573538,2.416712832612683,1.4936910283232954,0.6220408349835156,22974.234567901236,70.96954554305125,2.544270912295105,0.03587973453247365,3.224657186862032,1.9918494894873093,0.6226282143670433,8579_6492
60,37859.70216049383,67.6994418023115,3.554033321333267,0.052764356796037915,2.9242807121547854,1.6869792215567392,0.5785512284620857,36894.29457364341,64.88124127314921,2.6350859592459837,0.04076009548583201,3.1993116116324654,1.9235696162749278,0.6012180503941016,6889_6071
61,36894.29457364341,64.88124127314921,2.6350859592459837,0.04076009548583201,3.1993116116324654,1.9235696162749278,0.6012180503941016,83511.48673946958,66.98878598101157,2.1985934725647818,0.03283805461573538,2.416712832612683,1.4936910283232954,0.6220408349835156,6071_8579
62,37667.8487654321,68.22216907408615,2.681608399951211,0.039623918354506155,3.5746866600308995,2.2523027776598354,0.6212778798988497,37573.58796296296,73.42912576803752,3.0585730343656263,0.04190014853982116,5.469524152742724,3.445194669158659,0.6284805435449912,8292_6975
63,37847.87345679013,68.46918921506233,2.5404158066732063,0.03718873713122574,2.6647494123772772,1.5323099760804064,0.5743559117811274,37667.8487654321,68.22216907408615,2.681608399951211,0.039623918354506155,3.5746866600308995,2.2523027776598354,0.6212778798988497,8290_8292
64,37893.20620155039,65.94627872535166,2.467613409029008,0.03757221687159741,3.5830103784768563,2.106104291187654,0.5891627012169577,37847.87345679013,68.46918921506233,2.5404158066732063,0.03718873713122574,2.6647494123772772,1.5323099760804064,0.5743559117811274,8277_8290
65,37573.58796296296,73.42912576803752,3.0585730343656263,0.04190014853982116,5.469524152742724,3.445194669158659,0.6284805435449912,37859.70216049383,67.6994418023115,3.554033321333267,0.052764356796037915,2.9242807121547854,1.6869792215567392,0.5785512284620857,6975_6889
66,29129.293209876545,64.44103653104948,2.588732425989263,0.040298010468810826,2.897539521086499,1.6792380327730803,0.5772993927742808,37160.1515625,71.45873771130286,3.220804340939958,0.04540328019740472,4.505718756799509,2.86956393636061,0.6394208793412448,9176_7090
67,47699.99382716049,63.158175841416565,3.016310846241756,0.04794080747321883,4.746695745280107,3.0275913461140878,0.6370699208976158,29129.293209876545,64.44103653104948,2.588732425989263,0.040298010468810826,2.897539521086499,1.6792380327730803,0.5772993927742808,8486_9176
68,37190.495327102806,68.23167545350886,2.931017171246791,0.04301444897158569,3.1839885464599575,1.9254754001665846,0.606511800473164,37893.20620155039,65.94627872535166,2.467613409029008,0.03757221687159741,3.5830103784768563,2.106104291187654,0.5891627012169577,8283_8277
69,37160.1515625,71.45873771130286,3.220804340939958,0.04540328019740472,4.505718756799509,2.86956393636061,0.6394208793412448,37190.495327102806,68.23167545350886,2.931017171246791,0.04301444897158569,3.1839885464599575,1.9254754001665846,0.606511800473164,7090_8283
70,40926.06037151703,68.22402164319071,3.6316296091212923,0.05388044953873547,4.041264113045404,2.671872607557038,0.6559655934800391,47699.99382716049,63.158175841416565,3.016310846241756,0.04794080747321883,4.746695745280107,3.0275913461140878,0.6370699208976158,8484_8486
71,40437.969889064974,69.42532903307483,6.373901697273632,0.09335180529022238,6.455291851350711,4.930281574989471,0.7479062990303065,40926.06037151703,68.22402164319071,3.6316296091212923,0.05388044953873547,4.041264113045404,2.671872607557038,0.6559655934800391,6700_8484
72,40696.01081916538,64.94956800329545,7.426055049043584,0.11729279779423538,4.771314483716833,4.849010708288162,0.9234639149605429,40437.969889064974,69.42532903307483,6.373901697273632,0.09335180529022238,6.455291851350711,4.930281574989471,0.7479062990303065,6323_6700
73,40588.682098765436,64.08106791107919,5.909689139504583,0.0937666338855535,3.767299646574527,3.1686128539121494,0.7884894790770203,40696.01081916538,64.94956800329545,7.426055049043584,0.11729279779423538,4.771314483716833,4.849010708288162,0.9234639149605429,6299_6323
74,30736.523291925467,69.14348970475405,3.477330812699281,0.050703341026368365,2.469123471290579,1.980264618440285,0.7782493425089437,30531.06635802469,69.94457486396688,4.233723136952319,0.06168790162458522,2.778934891497134,2.365542337214526,0.8093620501744039,11015_8482
75,29899.932907348244,68.91872597144449,3.0858607120899957,0.04512282192999155,2.930352483195489,2.1327505116431227,0.7205976952124469,30736.523291925467,69.14348970475405,3.477330812699281,0.050703341026368365,2.469123471290579,1.980264618440285,0.7782493425089437,8601_11015
76,30531.06635802469,69.94457486396688,4.233723136952319,0.06168790162458522,2.778934891497134,2.365542337214526,0.8093620501744039,40652.18364197531,71.47776289969188,3.660965574042196,0.051946873867608795,2.925018027806275,2.263024417401727,0.7370580493063352,8482_6618
77,32148.520061728395,67.39364698706058,3.042313185558441,0.045398929375318225,3.403347374330761,2.45029127760795,0.7093146222284095,31728.19906687403,74.13512300446673,3.1411457595698415,0.04272768812638856,4.229185724742256,3.169256644980409,0.7403007459153143,8478_6486
78,40652.18364197531,71.47776289969188,3.660965574042196,0.051946873867608795,2.925018027806275,2.263024417401727,0.7370580493063352,40588.682098765436,64.08106791107919,5.909689139504583,0.0937666338855535,3.767299646574527,3.1686128539121494,0.7884894790770203,6618_6299
79,31728.19906687403,74.13512300446673,3.1411457595698415,0.04272768812638856,4.229185724742256,3.169256644980409,0.7403007459153143,29899.932907348244,68.91872597144449,3.0858607120899957,0.04512282192999155,2.930352483195489,2.1327505116431227,0.7205976952124469,6486_8601
80,31332.243827160495,69.34875282702046,2.706068623293889,0.03914124606890043,2.5878207926691474,1.8727795201467488,0.7181690601380009,32148.520061728395,67.39364698706058,3.042313185558441,0.045398929375318225,3.403347374330761,2.45029127760795,0.7093146222284095,8603_8478
81,31398.23088923557,75.61733753648065,2.4699845326478913,0.03278542899633671,4.361417403702805,3.162205585451294,0.71967943279735,31332.243827160495,69.34875282702046,2.706068623293889,0.03914124606890043,2.5878207926691474,1.8727795201467488,0.7181690601380009,6170_8603
82,33785.2131661442,68.35381657008371,4.156878314376091,0.06140422341695772,3.112052924055308,2.581030599342803,0.8078374742169754,31471.02314814815,69.81611877367911,2.4526154451992923,0.03523180993459416,2.6710701933376493,1.9729840357339063,0.7321602161202603,8596_8510
83,31471.02314814815,69.81611877367911,2.4526154451992923,0.03523180993459416,2.6710701933376493,1.9729840357339063,0.7321602161202603,30816.06346749226,72.75505982055492,2.606125583509698,0.03596156970817789,4.011013554769267,2.9770154060616147,0.7361057931439097,8510_6855
84,30816.06346749226,72.75505982055492,2.606125583509698,0.03596156970817789,4.011013554769267,2.9770154060616147,0.7361057931439097,31398.23088923557,75.61733753648065,2.4699845326478913,0.03278542899633671,4.361417403702805,3.162205585451294,0.71967943279735,6855_6170
85,36204.051242236026,74.02355540158337,3.4733612159158143,0.04717829513315182,3.4534316903043325,2.5427632774685294,0.7183845075873079,32988.42901234568,67.93396235994825,4.652089234651775,0.06904081808987263,3.686129023769423,2.8414079291753778,0.7538256644854546,8536_8514
86,36452.326053042125,67.16542703130469,4.6854658627962475,0.07010231328309126,3.8584997272563673,2.7877807590245354,0.7123826471393513,36204.051242236026,74.02355540158337,3.4733612159158143,0.04717829513315182,3.4534316903043325,2.5427632774685294,0.7183845075873079,8516_8536
87,32988.42901234568,67.93396235994825,4.652089234651775,0.06904081808987263,3.686129023769423,2.8414079291753778,0.7538256644854546,33905.0725308642,71.50904632400446,4.0591151499557885,0.05729199264864537,3.494995043707465,2.6722488277466447,0.7419416744136572,8514_6174
88,33905.0725308642,71.50904632400446,4.0591151499557885,0.05729199264864537,3.494995043707465,2.6722488277466447,0.7419416744136572,33785.2131661442,68.35381657008371,4.156878314376091,0.06140422341695772,3.112052924055308,2.581030599342803,0.8078374742169754,6174_8596
89,37464.99845679013,72.25987550183964,4.0712931849625935,0.05675900165106423,3.5931983847698263,2.6982062180309287,0.7367352597515617,36452.326053042125,67.16542703130469,4.6854658627962475,0.07010231328309126,3.8584997272563673,2.7877807590245354,0.7123826471393513,8391_8516
90,37552.20888157895,71.5091603644681,3.28003046557956,0.046325427545315746,3.2923150103088266,2.6516469467644015,0.7818754076114649,37464.99845679013,72.25987550183964,4.0712931849625935,0.05675900165106423,3.5931983847698263,2.6982062180309287,0.7367352597515617,7999_8391
91,47694.1937007874,70.22413753824452,2.687741177700613,0.03864758708778727,2.476248494966902,1.7405001698695741,0.6856697981979596,37552.20888157895,71.5091603644681,3.28003046557956,0.046325427545315746,3.2923150103088266,2.6516469467644015,0.7818754076114649,7991_7999
92,51108.69598765432,72.90668683102024,2.4237544589347415,0.03353577537333908,3.1986619377878855,2.2025219994489014,0.6729058033498175,47694.1937007874,70.22413753824452,2.687741177700613,0.03864758708778727,2.476248494966902,1.7405001698695741,0.6856697981979596,7092_7991
93,48355.569444444445,70.68748629284103,2.5936964253424395,0.03688153949715941,3.14569555063237,2.121784498985747,0.661844577988743,90537.85906040268,73.55254597467442,2.101462265002124,0.02868992761452876,3.106144626196618,2.118539599607251,0.6725785755180748,8555_8559
94,90537.85906040268,73.55254597467442,2.101462265002124,0.02868992761452876,3.106144626196618,2.118539599607251,0.6725785755180748,68033.97685185185,72.9224727031921,2.272210303314353,0.031275336107343385,3.485242954079256,2.324531742256957,0.6600167608179919,8559_6030
95,51264.12519319938,71.28916143190062,2.2979686448654806,0.032372261718149505,3.496112149130622,2.2923916436195615,0.64833754369256,51108.69598765432,72.90668683102024,2.4237544589347415,0.03353577537333908,3.1986619377878855,2.2025219994489014,0.6729058033498175,8546_7092
96,50386.17592592593,71.24821910108663,2.627636928325249,0.03705656070048124,3.0654381442948027,2.0299114767743656,0.6550706565731109,51264.12519319938,71.28916143190062,2.2979686448654806,0.032372261718149505,3.496112149130622,2.2923916436195615,0.64833754369256,8383_8546
97,52047.50154320987,70.09025246664241,2.555194287481566,0.03663923672684143,3.649988580921705,2.4550701952927745,0.6644133556631592,50386.17592592593,71.24821910108663,2.627636928325249,0.03705656070048124,3.0654381442948027,2.0299114767743656,0.6550706565731109,6895_8383
98,51565.52777777778,70.67489299689028,2.5697628700118895,0.03657475488635865,3.0543821582671535,1.960020170270685,0.6339810101835148,52047.50154320987,70.09025246664241,2.555194287481566,0.03663923672684143,3.649988580921705,2.4550701952927745,0.6644133556631592,6316_6895
99,68033.97685185185,72.9224727031921,2.272210303314353,0.031275336107343385,3.485242954079256,2.324531742256957,0.6600167608179919,51565.52777777778,70.67489299689028,2.5697628700118895,0.03657475488635865,3.0543821582671535,1.960020170270685,0.6339810101835148,6030_6316
100,48607.21696574225,66.83857521615198,2.418738333466041,0.036508077771282885,3.471925833744041,2.4636081235715817,0.6903749734838625,48607.21696574225,66.83857521615198,2.418738333466041,0.036508077771282885,3.471925833744041,2.4636081235715817,0.6903749734838625,7071_11709
101,48607.21696574225,66.83857521615198,2.418738333466041,0.036508077771282885,3.471925833744041,2.4636081235715817,0.6903749734838625,47572.16512345679,132.00307988828555,3.5358850301006597,0.02700891380582806,4.572593821693469,3.0412310755923646,0.6535549234548944,7071_6968
102,28468.725705329154,70.82699148298589,3.2882129047595248,0.04683631329040481,3.96630472909972,2.7426882864577866,0.68369312362911,,,,,,,,11875_6251
103,47572.16512345679,132.00307988828555,3.5358850301006597,0.02700891380582806,4.572593821693469,3.0412310755923646,0.6535549234548944,48355.569444444445,70.68748629284103,2.5936964253424395,0.03688153949715941,3.14569555063237,2.121784498985747,0.661844577988743,6968_8555
104,48672.57187017002,64.92826570186239,2.813069939223463,0.04358079564422349,3.0283774058754602,2.038404596704867,0.6654281444975455,28468.725705329154,70.82699148298589,3.2882129047595248,0.04683631329040481,3.96630472909972,2.7426882864577866,0.68369312362911,8568_11875
105,48320.00462962963,64.90947107290833,2.2916264664590975,0.03548067898279914,2.232351585975202,1.5322448643473574,0.6796718964289908,48672.57187017002,64.92826570186239,2.813069939223463,0.04358079564422349,3.0283774058754602,2.038404596704867,0.6654281444975455,8453_8568
106,,,,,,,,48607.21696574225,66.83857521615198,2.418738333466041,0.036508077771282885,3.471925833744041,2.4636081235715817,0.6903749734838625,6251_11709
107,44604.317829457366,57.47560937470063,3.4702195244812497,0.061000907187368905,5.227291241446596,3.643227245043338,0.6883353942898238,47483.79037267081,66.18417842298241,3.4943491572094527,0.053442002674676685,4.509004228676033,3.066411529498722,0.6685631410672817,8588_8118
108,49057.108527131786,66.57241364541515,2.5883337618903526,0.03908654770966248,3.32002130547826,2.2739373144425987,0.678638701249245,48320.00462962963,64.90947107290833,2.2916264664590975,0.03548067898279914,2.232351585975202,1.5322448643473574,0.6796718964289908,8572_8453
109,47482.239197530864,69.9503076533735,2.4860871227998707,0.035754083788412605,3.214361178630184,2.1498203893773926,0.6600771523140355,49057.108527131786,66.57241364541515,2.5883337618903526,0.03908654770966248,3.32002130547826,2.2739373144425987,0.678638701249245,8563_8572
110,45875.62345679013,67.24128547588259,4.217676772103921,0.06335487773924477,4.257333569258396,2.9236083675568834,0.685303665452107,47110.62208398134,65.340793281312,3.4781870089744253,0.05395812156828214,4.45522198782477,3.1490784969256684,0.6921481827758258,8456_6789
111,47483.79037267081,66.18417842298241,3.4943491572094527,0.053442002674676685,4.509004228676033,3.066411529498722,0.6685631410672817,45875.62345679013,67.24128547588259,4.217676772103921,0.06335487773924477,4.257333569258396,2.9236083675568834,0.685303665452107,8118_8456
112,47839.6072555205,71.04186993891918,2.6089992844043364,0.03705607737375259,4.348497661200026,2.983375799545976,0.6776250290393974,47482.239197530864,69.9503076533735,2.4860871227998707,0.035754083788412605,3.214361178630184,2.1498203893773926,0.6600771523140355,6691_8563
113,47110.62208398134,65.340793281312,3.4781870089744253,0.05395812156828214,4.45522198782477,3.1490784969256684,0.6921481827758258,47839.6072555205,71.04186993891918,2.6089992844043364,0.03705607737375259,4.348497661200026,2.983375799545976,0.6776250290393974,6789_6691
114,37207.5987654321,65.67842003889285,8.540463938366974,0.1337253738526195,5.3806135484864,5.187760544583531,0.9040016162208399,36464.39660493827,67.52783197125996,6.4539856479102005,0.0976243618484899,5.917719010965873,4.859496503899734,0.8009189412097989,6052_8088
115,36464.39660493827,67.52783197125996,6.4539856479102005,0.0976243618484899,5.917719010965873,4.859496503899734,0.8009189412097989,39139.495327102806,65.52472053493439,4.521033783666761,0.06987980405564534,4.3371861227553525,3.1547094109062312,0.713716098192055,8088_8565
116,39139.495327102806,65.52472053493439,4.521033783666761,0.06987980405564534,4.3371861227553525,3.1547094109062312,0.713716098192055,44604.317829457366,57.47560937470063,3.4702195244812497,0.061000907187368905,5.227291241446596,3.643227245043338,0.6883353942898238,8565_8588
117,17258.51326053042,69.78358776135829,2.561783367792278,0.03673071824344941,1.7578360659734693,1.2484141510010192,0.7108768590213921,19681.323029366307,73.52003275787284,3.0176716942518462,0.0410882128446224,1.9253919660248722,1.3130160973094738,0.6814457857478337,9706_9710
118,17476.060185185186,72.61016797359065,2.410515799922998,0.03321026418632145,2.407095357962787,1.7497264802207528,0.7259606823643766,17258.51326053042,69.78358776135829,2.561783367792278,0.03673071824344941,1.7578360659734693,1.2484141510010192,0.7108768590213921,6244_9706
119,19681.323029366307,73.52003275787284,3.0176716942518462,0.0410882128446224,1.9253919660248722,1.3130160973094738,0.6814457857478337,19676.00464396285,75.94045608679862,2.7143337140006905,0.03580984270558079,2.799016426405781,2.1224592331777843,0.7562493951174469,9710_6236
120,19639.417956656347,72.24854921717271,2.570813639075698,0.0356569110162728,1.9757282953559683,1.4163528087408432,0.7141626753589924,23314.754658385093,69.17882337200825,2.51862318716449,0.03650107558188571,2.460636456080221,1.8003046135833152,0.7232728600626405,8048_8037
121,23314.754658385093,69.17882337200825,2.51862318716449,0.03650107558188571,2.460636456080221,1.8003046135833152,0.7232728600626405,23395.35503875969,72.71985887737661,2.6241211816285226,0.03626070995893496,2.671249008236,2.0741817545564936,0.7676621730951461,8037_6764
122,19676.00464396285,75.94045608679862,2.7143337140006905,0.03580984270558079,2.799016426405781,2.1224592331777843,0.7562493951174469,19639.417956656347,72.24854921717271,2.570813639075698,0.0356569110162728,1.9757282953559683,1.4163528087408432,0.7141626753589924,6236_8048
123,23395.35503875969,72.71985887737661,2.6241211816285226,0.03626070995893496,2.671249008236,2.0741817545564936,0.7676621730951461,17577.05213270142,67.10458147062036,5.48654453878642,-0.09376296569702698,1.8716340193703809,1.3078380756337713,0.698394565794032,6764_6763
124,17577.05213270142,67.10458147062036,5.48654453878642,-0.09376296569702698,1.8716340193703809,1.3078380756337713,0.698394565794032,22044.434984520125,71.13575435597585,2.9922900636106533,0.04259284748201828,2.875173621742301,2.153140138847913,0.7372303388304345,6763_6186
125,23806.614649681527,72.63254773628219,2.6675930116737976,0.03700127129198084,2.2622066405836962,1.6845604682336075,0.735360058090571,33020.93769470405,68.96042756342926,4.013421479665359,0.06036140483091472,3.6045482860221445,3.021223817124864,0.8031951148929029,8494_8462
126,23200.539936102236,75.60942706068319,2.6805823408499982,0.03596044263421575,3.5449174475026504,2.574154227339511,0.7105639525444402,23806.614649681527,72.63254773628219,2.6675930116737976,0.03700127129198084,2.2622066405836962,1.6845604682336075,0.735360058090571,6858_8494
127,22044.434984520125,71.13575435597585,2.9922900636106533,0.04259284748201828,2.875173621742301,2.153140138847913,0.7372303388304345,23200.539936102236,75.60942706068319,2.6805823408499982,0.03596044263421575,3.5449174475026504,2.574154227339511,0.7105639525444402,6186_6858
128,33020.93769470405,68.96042756342926,4.013421479665359,0.06036140483091472,3.6045482860221445,3.021223817124864,0.8031951148929029,33998.13601236476,67.56485440519262,4.305164142383723,0.06473075202176967,5.3361855525152535,4.4001658536598525,0.7989363415833663,8462_6231
129,15666.648902821316,69.74436963836271,3.1936465358798665,0.04590232951230568,1.34429464080694,1.0807815288054698,0.7717795732328162,16586.609567901236,68.06332742950903,4.0897940708907825,0.060588044553011824,1.6854472540292191,1.6502623617875543,0.8603248046204879,8522_8498
130,36730.39408866995,74.05489890291496,5.0377746968904145,0.06954527406367503,2.958892821549822,2.922837361195532,0.8897460653931024,36660.89302325581,67.9035427486004,4.784687217970267,0.07172018595520835,2.6260109822544457,2.7490480876595487,0.925112381476021,8500_8421
131,16586.609567901236,68.06332742950903,4.0897940708907825,0.060588044553011824,1.6854472540292191,1.6502623617875543,0.8603248046204879,36730.39408866995,74.05489890291496,5.0377746968904145,0.06954527406367503,2.958892821549822,2.922837361195532,0.8897460653931024,8498_8500
132,34564.706790123455,65.40060512173021,4.157399843429172,0.06398376401261491,3.7294682421177816,3.0118098706605765,0.7953070424363688,34005.702229299364,66.09674809165858,2.6362705913367086,0.04002467153726193,2.827595022998061,2.0922783482322562,0.731594491207732,8470_6274
133,,,,,,,,15666.648902821316,69.74436963836271,3.1936465358798665,0.04590232951230568,1.34429464080694,1.0807815288054698,0.7717795732328162,6738_8522
134,34005.702229299364,66.09674809165858,2.6362705913367086,0.04002467153726193,2.827595022998061,2.0922783482322562,0.731594491207732,,,,,,,,6274_6738
135,33998.13601236476,67.56485440519262,4.305164142383723,0.06473075202176967,5.3361855525152535,4.4001658536598525,0.7989363415833663,34564.706790123455,65.40060512173021,4.157399843429172,0.06398376401261491,3.7294682421177816,3.0118098706605765,0.7953070424363688,6231_8470
136,33938.763523956724,70.41361866309096,5.103310605116033,0.07370214398251367,3.453813851798041,2.9122216393262477,0.7930549279848907,33916.36574074074,75.4792577331968,4.911388613618894,0.06618405713083035,5.165075999100289,4.217515937247462,0.7818407512136487,8425_6089
137,36660.89302325581,67.9035427486004,4.784687217970267,0.07172018595520835,2.6260109822544457,2.7490480876595487,0.925112381476021,33938.763523956724,70.41361866309096,5.103310605116033,0.07370214398251367,3.453813851798041,2.9122216393262477,0.7930549279848907,8421_8425
138,33859.88992248062,69.20508612772475,2.999072733458036,0.04355934085841055,3.283914581849644,2.427102879968171,0.7254560832582034,29195.570987654322,70.45070438920703,3.0450654824603207,0.0433561608045997,3.11430173623045,2.148083468130286,0.6797512418657721,8389_8460
139,32576.09413580247,74.3454443528179,3.4848643290871983,0.047198274195380814,5.004930732438081,3.8973677119017,0.7598307026448397,33859.88992248062,69.20508612772475,2.999072733458036,0.04355934085841055,3.283914581849644,2.427102879968171,0.7254560832582034,6220_8389
140,33916.36574074074,75.4792577331968,4.911388613618894,0.06618405713083035,5.165075999100289,4.217515937247462,0.7818407512136487,32576.09413580247,74.3454443528179,3.4848643290871983,0.047198274195380814,5.004930732438081,3.8973677119017,0.7598307026448397,6089_6220
141,27582.108695652172,71.84752814522848,2.2073798551826003,0.030793854787409525,2.7330072032443278,1.9349264232912087,0.695144784155396,27506.75386996904,70.6388072106057,2.5068948066083956,0.035563374917803404,1.748214783830412,1.3025588742099226,0.7341691410605983,6652_8320
142,29195.570987654322,70.45070438920703,3.0450654824603207,0.0433561608045997,3.11430173623045,2.148083468130286,0.6797512418657721,32915.44099378882,70.63530505737263,2.9261165511774165,0.041719722365343735,2.6871637526609176,1.8684764104154414,0.6803618709739385,8460_6069
143,29234.447368421053,71.47676857758397,2.5247963526627397,0.03540889210331012,2.674898916485164,1.9155635366555424,0.7033213991062963,27539.74303405573,67.36647347507723,2.6859967554327144,0.039950195001119494,2.950652071010871,2.0393217848836573,0.6820301261620473,8444_8441
144,27539.74303405573,67.36647347507723,2.6859967554327144,0.039950195001119494,2.950652071010871,2.0393217848836573,0.6820301261620473,27582.108695652172,71.84752814522848,2.2073798551826003,0.030793854787409525,2.7330072032443278,1.9349264232912087,0.695144784155396,8441_6652
145,29132.913580246914,70.2365465480657,3.2258738435174568,0.04618762634160708,3.0223292252636864,2.1395202675636873,0.6908059485631666,29234.447368421053,71.47676857758397,2.5247963526627397,0.03540889210331012,2.674898916485164,1.9155635366555424,0.7033213991062963,6295_8444
146,32915.44099378882,70.63530505737263,2.9261165511774165,0.041719722365343735,2.6871637526609176,1.8684764104154414,0.6803618709739385,29132.913580246914,70.2365465480657,3.2258738435174568,0.04618762634160708,3.0223292252636864,2.1395202675636873,0.6908059485631666,6069_6295
147,16434.276661514683,77.05302791662169,2.8587578695643514,0.03712494399376013,1.4490960379996016,1.1115260405999858,0.7537369191801464,,,,,,,,5881_6875
148,16500.63369397218,77.81434889495121,2.6954031577068376,0.034685966324576406,1.312946872242923,1.0456306585227901,0.7737077625992813,,,,,,,,6222_6875
149,16519.364649681527,73.07485313195514,2.25438119550982,0.030879847965953194,0.9611144075447005,0.7500281118917222,0.7657140388408719,16500.63369397218,77.81434889495121,2.6954031577068376,0.034685966324576406,1.312946872242923,1.0456306585227901,0.7737077625992813,6016_6222
150,16434.276661514683,77.05302791662169,2.8587578695643514,0.03712494399376013,1.4490960379996016,1.1115260405999858,0.7537369191801464,10375.19629057187,69.94893559846545,3.379827766579374,0.0485243200837008,1.2098756196412057,0.9666608739362061,0.8005252469554693,5881_5879
151,27506.75386996904,70.6388072106057,2.5068948066083956,0.035563374917803404,1.748214783830412,1.3025588742099226,0.7341691410605983,,,,,,,,8320_6653
152,16519.364649681527,73.07485313195514,2.25438119550982,0.030879847965953194,0.9611144075447005,0.7500281118917222,0.7657140388408719,,,,,,,,6016_6653
153,14330.786707882535,56.95208177483953,3.8178835255079315,0.06722545729809969,1.792258329106309,1.352050229937805,0.744456841919946,16132.061823802163,76.32398085759108,2.9646368881472154,0.03896658315489211,1.286301846232775,1.066793086795122,0.8053160245652494,6116_5880
154,18265.737654320987,75.36476828781555,2.6791060534483564,0.03558513009297031,2.4449816930240824,1.7829808752605865,0.7289803196826835,18420.702160493827,74.76019388091879,3.021268091856073,0.04044717101674704,2.6060044425485267,1.9186491747956738,0.7364808325617371,6253_6224
155,18157.077160493827,75.85614138296513,2.761824857455317,0.03642804071406372,1.974431487890958,1.4089353571771497,0.7173832552760911,18265.737654320987,75.36476828781555,2.6791060534483564,0.03558513009297031,2.4449816930240824,1.7829808752605865,0.7289803196826835,9708_6253
156,20134.876160990712,69.593898389629,2.70199132130168,0.03883275831270268,1.852000398875233,1.2759522955773404,0.6935834938629202,18157.077160493827,75.85614138296513,2.761824857455317,0.03642804071406372,1.974431487890958,1.4089353571771497,0.7173832552760911,9704_9708
157,23753.402173913044,70.81097942554662,2.5669623465491074,0.03629412342760792,2.1703893461310693,1.5517386200591619,0.7164437370768564,19150.392523364488,73.79709045840394,3.00731311044681,0.04074621867043468,2.6460077687798598,1.6832634063849798,0.6392948752919471,8039_8035
158,19150.392523364488,73.79709045840394,3.00731311044681,0.04074621867043468,2.6460077687798598,1.6832634063849798,0.6392948752919471,20134.876160990712,69.593898389629,2.70199132130168,0.03883275831270268,1.852000398875233,1.2759522955773404,0.6935834938629202,8035_9704
159,23690.131782945737,73.94671099878197,2.4192362649273167,0.03276298775157666,3.096935337843,2.1818504242138177,0.7071330022414815,23753.402173913044,70.81097942554662,2.5669623465491074,0.03629412342760792,2.1703893461310693,1.5517386200591619,0.7164437370768564,6859_8039
160,19481.712351945855,73.06640657527636,3.4669826645778716,0.07349349284224078,3.2461175637056816,1.9339819310954178,0.8246582878540691,23791.900958466453,73.94247370820382,2.498439799609454,0.033953419791151095,3.216693474109802,2.3215332285555834,0.7217519494570784,8492_6233
161,22947.617088607596,68.63353193200935,4.954906871981675,-0.15807252818519774,2.40313516680077,1.672331460455447,0.6980380299664651,23690.131782945737,73.94671099878197,2.4192362649273167,0.03276298775157666,3.096935337843,2.1818504242138177,0.7071330022414815,6969_6859
162,23775.76625386997,69.02494274450221,3.0891173262883194,0.04520329728695338,2.0609661114482556,1.3961159633884608,0.6725649106811539,22947.617088607596,68.63353193200935,4.954906871981675,-0.15807252818519774,2.40313516680077,1.672331460455447,0.6980380299664651,6759_6969
163,23791.900958466453,73.94247370820382,2.498439799609454,0.033953419791151095,3.216693474109802,2.3215332285555834,0.7217519494570784,23775.76625386997,69.02494274450221,3.0891173262883194,0.04520329728695338,2.0609661114482556,1.3961159633884608,0.6725649106811539,6233_6759
164,33856.66510903427,66.35001816296415,3.5153211772539694,0.05328697917061792,3.648670727231705,2.9440554445550515,0.7921869398495343,19481.712351945855,73.06640657527636,3.4669826645778716,0.07349349284224078,3.2461175637056816,1.9339819310954178,0.8246582878540691,8464_8492
165,15535.751203852327,68.25764513456623,3.7273167175927253,0.054743665282204645,1.526682787396863,1.172082756315707,0.7481245824568273,33725.437802907916,68.21238081567503,5.185789169160228,0.07774741516537557,3.810256187817808,3.526734087750999,0.8645612229540505,8529_8524
166,33725.437802907916,68.21238081567503,5.185789169160228,0.07774741516537557,3.810256187817808,3.526734087750999,0.8645612229540505,33850.524844720494,72.36645826303317,5.4267575291744645,0.07596204247893774,4.9510731757062985,3.8214447130966964,0.75872215069084,8524_6989
167,32363.36630602782,68.62580049011049,3.501692390836286,0.05117432566797817,2.474655899488397,2.0653614840446615,0.8045181686758032,15535.751203852327,68.25764513456623,3.7273167175927253,0.054743665282204645,1.526682787396863,1.172082756315707,0.7481245824568273,8507_8529
168,36169.03527336861,69.4682685353228,3.0449676640422045,0.043903908763453216,3.8099034302368384,2.6245795013547695,0.7055770089130031,32363.36630602782,68.62580049011049,3.501692390836286,0.05117432566797817,2.474655899488397,2.0653614840446615,0.8045181686758032,8423_8507
169,33850.524844720494,72.36645826303317,5.4267575291744645,0.07596204247893774,4.9510731757062985,3.8214447130966964,0.75872215069084,33856.66510903427,66.35001816296415,3.5153211772539694,0.05328697917061792,3.648670727231705,2.9440554445550515,0.7921869398495343,6989_8464
170,34902.450726979,58.608655725026516,7.846438742115088,0.03810988105120142,4.180373880852547,3.03069794067758,0.7114186926294306,36169.03527336861,69.4682685353228,3.0449676640422045,0.043903908763453216,3.8099034302368384,2.6245795013547695,0.7055770089130031,8429_8423
171,34485.737984496125,68.14825503969745,4.908233121511467,0.07314968716607952,3.529787005881052,3.4416698135594586,0.9099547098943869,34984.35339506173,71.44449798255211,5.664709490357579,0.0805436678316392,5.86534430698285,5.309969884076872,0.8648105379192366,8393_6248
172,34984.35339506173,71.44449798255211,5.664709490357579,0.0805436678316392,5.86534430698285,5.309969884076872,0.8648105379192366,34485.12364760433,70.66281623524073,4.127023202154127,0.058936154863137566,4.68614576516173,3.736780955267563,0.7800585113918379,6248_5993
173,34485.12364760433,70.66281623524073,4.127023202154127,0.058936154863137566,4.68614576516173,3.736780955267563,0.7800585113918379,34207.84080370943,68.72317116941129,3.6253896825911704,0.05310233643530015,3.352813834605565,2.46649705312473,0.7229704168201154,5993_8395
174,34207.84080370943,68.72317116941129,3.6253896825911704,0.05310233643530015,3.352813834605565,2.46649705312473,0.7229704168201154,34902.450726979,58.608655725026516,7.846438742115088,0.03810988105120142,4.180373880852547,3.03069794067758,0.7114186926294306,8395_8429
175,29905.626543209877,69.49501540107141,4.120091052727425,0.06008805500928458,3.887737397395366,3.4020996401382892,0.8253639349565806,34485.737984496125,68.14825503969745,4.908233121511467,0.07314968716607952,3.529787005881052,3.4416698135594586,0.9099547098943869,8458_8393
176,29862.5479876161,67.87933002596,3.5527009791507345,0.05267635072811596,3.5564282488221046,2.6664101328088368,0.7306728399006808,29860.824074074073,66.53161767123308,3.9255096763272066,0.05965010909981483,3.040377889957798,2.342077776603223,0.7415854725846377,8438_6296
177,27912.30959752322,66.2766379435628,3.548051093666255,0.053826722192175734,2.9483386056605583,2.2899967174244917,0.744661576666971,29862.5479876161,67.87933002596,3.5527009791507345,0.05267635072811596,3.5564282488221046,2.6664101328088368,0.7306728399006808,8434_8438
178,56673.4984375,67.62225836606032,4.470089684553872,0.06700851486494944,4.011207317115181,3.169162928626271,0.76746319539591,29905.626543209877,69.49501540107141,4.120091052727425,0.06008805500928458,3.887737397395366,3.4020996401382892,0.8253639349565806,7012_8458
179,29860.824074074073,66.53161767123308,3.9255096763272066,0.05965010909981483,3.040377889957798,2.342077776603223,0.7415854725846377,56673.4984375,67.62225836606032,4.470089684553872,0.06700851486494944,4.011207317115181,3.169162928626271,0.76746319539591,6296_7012
180,27972.959564541212,72.79397463888853,2.675427009411168,0.03701228027745698,2.0965591048123544,1.5932037823988952,0.7312200542090231,27912.30959752322,66.2766379435628,3.548051093666255,0.053826722192175734,2.9483386056605583,2.2899967174244917,0.744661576666971,6255_8434
181,16209.462132921175,73.93799596247976,2.8882240048044565,0.03909542303878322,1.3657780027165471,1.0927580116665832,0.7913918570733138,16122.20093457944,70.62873513182554,2.9928049553721943,0.0424032830835782,1.1695518644755107,0.8958126125211106,0.7626597958249829,6221_5990
182,16122.20093457944,70.62873513182554,2.9928049553721943,0.0424032830835782,1.1695518644755107,0.8958126125211106,0.7626597958249829,28030.693498452012,69.60716396612985,2.3370756396284036,0.033733533160533104,1.8217466879595363,1.4181139477330256,0.759632041429327,5990_8339
183,16132.061823802163,76.32398085759108,2.9646368881472154,0.03896658315489211,1.286301846232775,1.066793086795122,0.8053160245652494,16209.462132921175,73.93799596247976,2.8882240048044565,0.03909542303878322,1.3657780027165471,1.0927580116665832,0.7913918570733138,5880_6221
184,28030.693498452012,69.60716396612985,2.3370756396284036,0.033733533160533104,1.8217466879595363,1.4181139477330256,0.759632041429327,27972.959564541212,72.79397463888853,2.675427009411168,0.03701228027745698,2.0965591048123544,1.5932037823988952,0.7312200542090231,8339_6255
185,25105.291666666668,75.66940190726042,2.8546689887259054,0.038174803099755995,3.2161379876105314,2.246845691749713,0.6915987477578589,27019.359375,67.4867319173409,2.9854698323501734,0.044839577009799736,2.523717569042856,1.733393381473262,0.6766624650564705,6598_8091
186,54496.19474497682,61.90531659688026,2.6266959607311815,0.04262729705002806,2.9890541043441954,1.5360418190564027,0.5139225502932173,95905.58229813665,66.54499655667168,2.8640315146809034,0.04326753978559606,3.5259470670800783,2.012524322860546,0.5704388836294155,11452_8329
187,53872.32352941176,61.556861333006616,2.7086522750150857,0.04433833833506464,4.465544262466721,2.4003623843556667,0.5352392500878316,53744.28703703704,59.79778942639536,2.9988210477985793,0.0504826899565772,4.5479964112498275,2.4680256249414003,0.5441862610501517,8344_8336
188,53744.28703703704,59.79778942639536,2.9988210477985793,0.0504826899565772,4.5479964112498275,2.4680256249414003,0.5441862610501517,54496.19474497682,61.90531659688026,2.6266959607311815,0.04262729705002806,2.9890541043441954,1.5360418190564027,0.5139225502932173,8336_11452
189,45142.84872611465,55.432652029150724,6.134847349938644,0.11349085713899208,6.533005469934825,4.977765790986337,0.72350553055376,45757.19598765432,62.701964189490795,5.856895951079916,0.09490678422266563,8.038686844263896,5.237221886464462,0.6401854025391079,8199_6602
190,53552.534055727556,62.27326309791924,3.019469780999584,0.04870291796157038,4.927563074463949,2.735423440144083,0.5536640329092729,53775.21826625387,63.89599277935501,2.9035168277112033,0.04574958896261416,5.579490105327618,3.1444696159503107,0.5614154692373369,7054_6094
191,45757.19598765432,62.701964189490795,5.856895951079916,0.09490678422266563,8.038686844263896,5.237221886464462,0.6401854025391079,53552.534055727556,62.27326309791924,3.019469780999584,0.04870291796157038,4.927563074463949,2.735423440144083,0.5536640329092729,6602_7054
192,53775.21826625387,63.89599277935501,2.9035168277112033,0.04574958896261416,5.579490105327618,3.1444696159503107,0.5614154692373369,53872.32352941176,61.556861333006616,2.7086522750150857,0.04433833833506464,4.465544262466721,2.4003623843556667,0.5352392500878316,6094_8344
193,47369.04496124031,66.43296138486882,3.33223784632268,0.05061426243825536,2.9977396149480975,2.1448972145800487,0.6913084924107815,28609.537037037036,66.13659286317733,8.47428975540701,0.13188833569846492,5.993120948971458,7.635683098007138,1.1474134405638297,8183_6664
194,44711.217054263565,67.61172135632764,3.713649439915331,0.05538131124835943,3.9754267444892766,2.945386928137574,0.7191303454611128,47369.04496124031,66.43296138486882,3.33223784632268,0.05061426243825536,2.9977396149480975,2.1448972145800487,0.6913084924107815,8180_8183
195,48063.51321928461,65.71212630486444,2.7153267635452347,0.0415371625892948,3.549111907762425,2.4348741075304616,0.6706891790450412,44711.217054263565,67.61172135632764,3.713649439915331,0.05538131124835943,3.9754267444892766,2.945386928137574,0.7191303454611128,8172_8180
196,48845.06481481482,67.73327346483738,2.7261671638883804,0.04057200395845017,4.106205673309029,2.8191868504283066,0.6677363644327937,48609.39660493827,69.93286592398162,2.9448560213031114,0.04243247381188776,4.450992597805062,3.0595203846371026,0.6714395691723077,8055_6665
197,48609.39660493827,69.93286592398162,2.9448560213031114,0.04243247381188776,4.450992597805062,3.0595203846371026,0.6714395691723077,48063.51321928461,65.71212630486444,2.7153267635452347,0.0415371625892948,3.549111907762425,2.4348741075304616,0.6706891790450412,6665_8172
198,28609.537037037036,66.13659286317733,8.47428975540701,0.13188833569846492,5.993120948971458,7.635683098007138,1.1474134405638297,45142.84872611465,55.432652029150724,6.134847349938644,0.11349085713899208,6.533005469934825,4.977765790986337,0.72350553055376,6664_8199
199,38914.71141975309,69.48476403316349,2.397837053016054,0.03462363271729478,2.6567530685456298,1.681459151387409,0.6245308027561559,48845.06481481482,67.73327346483738,2.7261671638883804,0.04057200395845017,4.106205673309029,2.8191868504283066,0.6677363644327937,8065_8055
200,38495.86538461538,68.90714143958722,2.262964031215123,0.033285410512582214,2.7268146118416845,1.7691250110848333,0.6406740882283665,28950.890384615384,73.68770651902042,2.7713479310549998,0.037845072721094324,3.763803209076938,2.2078197989521455,0.6041883904726029,8007_6663
201,21921.51552795031,69.18937022042132,3.4197141442166386,0.049720654998059825,2.0379234607089036,1.332618437257822,0.6436880029334968,38495.86538461538,68.90714143958722,2.262964031215123,0.033285410512582214,2.7268146118416845,1.7691250110848333,0.6406740882283665,8001_8007
202,28950.890384615384,73.68770651902042,2.7713479310549998,0.037845072721094324,3.763803209076938,2.2078197989521455,0.6041883904726029,38914.71141975309,69.48476403316349,2.397837053016054,0.03462363271729478,2.6567530685456298,1.681459151387409,0.6245308027561559,6663_8065
203,34681.392581143744,68.83950866308236,2.5792942025609094,0.03773990387601484,3.0766120443364553,1.943351433346542,0.6327348498805547,34491.227202472954,68.40121049549626,2.607944477522328,0.03824589031537994,2.4844335345507402,1.5605252827151088,0.6298019105554796,6953_6320
204,19934.33070866142,76.44137578121786,2.790262025300151,0.036805670393933766,2.6453341559023564,1.7587261428534138,0.6631566449081631,21921.51552795031,69.18937022042132,3.4197141442166386,0.049720654998059825,2.0379234607089036,1.332618437257822,0.6436880029334968,6667_8001
205,34491.227202472954,68.40121049549626,2.607944477522328,0.03824589031537994,2.4844335345507402,1.5605252827151088,0.6298019105554796,19934.33070866142,76.44137578121786,2.790262025300151,0.036805670393933766,2.6453341559023564,1.7587261428534138,0.6631566449081631,6320_6667
206,29113.08219178082,75.51024639420612,3.6099533855948236,0.04888189073750963,3.8434030981277436,2.7644508490672366,0.7121238930879277,,,,,,,,8099_8097
207,,,,,,,,34681.392581143744,68.83950866308236,2.5792942025609094,0.03773990387601484,3.0766120443364553,1.943351433346542,0.6327348498805547,8097_6953
208,29986.521604938273,71.33961560686693,3.9897077169804755,0.056554641858962355,3.1112106461548303,2.1171895072820583,0.67063725798489,27861.707430340557,71.85568256975891,3.8847598536923726,0.05648607254606973,4.00024883856145,2.974076257479828,0.7976498014385189,8112_6073
209,27861.707430340557,71.85568256975891,3.8847598536923726,0.05648607254606973,4.00024883856145,2.974076257479828,0.7976498014385189,29113.08219178082,75.51024639420612,3.6099533855948236,0.04888189073750963,3.8434030981277436,2.7644508490672366,0.7121238930879277,6073_8099
210,27044.437704918033,69.31060129559157,3.2102791555287453,0.04674488123580887,2.6473740207071685,1.6836050777979918,0.6311983181394654,26994.023961661343,69.52181153664236,2.809984654784797,0.040914628740836574,2.5049075342949885,1.773769287993802,0.6840533715462281,6937_6322
211,26994.023961661343,69.52181153664236,2.809984654784797,0.040914628740836574,2.5049075342949885,1.773769287993802,0.6840533715462281,29986.521604938273,71.33961560686693,3.9897077169804755,0.056554641858962355,3.1112106461548303,2.1171895072820583,0.67063725798489,6322_8112
212,27299.628086419754,77.58463402813607,3.0013021730114056,0.03947638492265505,3.7036617688767453,2.5213943754400354,0.6770699171027126,27044.437704918033,69.31060129559157,3.2102791555287453,0.04674488123580887,2.6473740207071685,1.6836050777979918,0.6311983181394654,5943_6937
213,27019.359375,67.4867319173409,2.9854698323501734,0.044839577009799736,2.523717569042856,1.733393381473262,0.6766624650564705,27299.628086419754,77.58463402813607,3.0013021730114056,0.03947638492265505,3.7036617688767453,2.5213943754400354,0.6770699171027126,8091_5943
214,56088.372670807454,60.87944664913672,4.030610694207705,0.06719279216949979,5.168986688616501,3.625905609110521,0.6673062897432529,55600.246913580246,62.47862924564178,4.680226044528946,0.07603905688990072,4.500699238694844,3.462749863022961,0.7250389707934175,8327_8331
215,56210.794117647056,64.43983524454272,5.357662287998203,0.08432835106527772,4.816162581900551,3.730258027283054,0.732912605740442,55492.840557275544,61.47311043527769,4.941299453935023,0.08136588522925296,4.348568043945225,3.30523082686764,0.7194562562820459,6947_8301
216,55434.766975308645,61.91328271352456,4.9047101916174265,0.08029893533785698,4.954343160587103,3.6401762328706337,0.6954378225042344,56210.794117647056,64.43983524454272,5.357662287998203,0.08432835106527772,4.816162581900551,3.730258027283054,0.732912605740442,8341_6947
217,55600.246913580246,62.47862924564178,4.680226044528946,0.07603905688990072,4.500699238694844,3.462749863022961,0.7250389707934175,55434.766975308645,61.91328271352456,4.9047101916174265,0.08029893533785698,4.954343160587103,3.6401762328706337,0.6954378225042344,8331_8341
218,55492.840557275544,61.47311043527769,4.941299453935023,0.08136588522925296,4.348568043945225,3.30523082686764,0.7194562562820459,35467.86261980831,58.89744405447731,5.322272379309793,0.09149241042228876,5.323090994824607,4.41587437789745,0.7842724010778622,8301_8296
219,35467.86261980831,58.89744405447731,5.322272379309793,0.09149241042228876,5.323090994824607,4.41587437789745,0.7842724010778622,46789.26388888889,60.70402166105295,3.263924952040649,0.05416269873737258,4.837597923237087,3.0517639054583228,0.6164457987866685,8296_8190
220,46789.26388888889,60.70402166105295,3.263924952040649,0.05416269873737258,4.837597923237087,3.0517639054583228,0.6164457987866685,45573.42901234568,66.29978520561242,2.4606208492469417,0.03735649907109204,3.159551499786166,1.8747256401511152,0.5771024958036314,8190_8186
221,45573.42901234568,66.29978520561242,2.4606208492469417,0.03735649907109204,3.159551499786166,1.8747256401511152,0.5771024958036314,48936.62037037037,65.28137757348227,2.970645749701934,0.04604741763319157,3.5852704694068325,2.3775479078617163,0.6377175276084132,8186_8176
222,48936.62037037037,65.28137757348227,2.970645749701934,0.04604741763319157,3.5852704694068325,2.3775479078617163,0.6377175276084132,49034.86882716049,70.55101432337878,3.739095689685463,0.05375881902898968,3.7140300616429944,2.7401604197100395,0.697997679355753,8176_6156
223,48854.34259259259,66.3041907877313,3.751235754684405,0.05742407822896998,2.9338808623398456,2.286838712238082,0.7292560384556662,38748.96604938272,66.10172101087606,4.582206015617684,0.07027734543135859,4.30114514997888,3.162472971220857,0.6989550417179251,8052_8060
224,49034.86882716049,70.55101432337878,3.739095689685463,0.05375881902898968,3.7140300616429944,2.7401604197100395,0.697997679355753,48854.34259259259,66.3041907877313,3.751235754684405,0.05742407822896998,2.9338808623398456,2.286838712238082,0.7292560384556662,6156_8052
225,38775.4475308642,68.46637319877973,2.1340068548629754,0.03130332410429172,2.6970138521046536,1.672461320616115,0.6127558188608645,32692.730708661416,66.24821220698436,2.1853014800675457,0.033127717211643086,3.4623933852053255,1.9561454614788614,0.5663398640349583,8074_8019
226,38748.96604938272,66.10172101087606,4.582206015617684,0.07027734543135859,4.30114514997888,3.162472971220857,0.6989550417179251,38847.325,71.4504689140383,3.529598619430357,0.04984514909174016,5.870042956034347,3.6573395250288065,0.6107436402628311,8060_6666
227,38847.325,71.4504689140383,3.529598619430357,0.04984514909174016,5.870042956034347,3.6573395250288065,0.6107436402628311,38775.4475308642,68.46637319877973,2.1340068548629754,0.03130332410429172,2.6970138521046536,1.672461320616115,0.6127558188608645,6666_8074
228,32692.730708661416,66.24821220698436,2.1853014800675457,0.033127717211643086,3.4623933852053255,1.9561454614788614,0.5663398640349583,32854.06027820711,68.98771976993952,2.5749184311394395,0.03751083728122666,2.579202043180987,1.4420991659381937,0.5531632900668,8019_6319
229,20591.533333333333,67.69750865478346,2.474027107131801,0.036750829224788034,1.3770311819759669,0.8842732453699949,0.6378523503773006,,,,,,,,6945_8095
230,32854.06027820711,68.98771976993952,2.5749184311394395,0.03751083728122666,2.579202043180987,1.4420991659381937,0.5531632900668,20591.533333333333,67.69750865478346,2.474027107131801,0.036750829224788034,1.3770311819759669,0.8842732453699949,0.6378523503773006,6319_6945
231,28645.979591836734,73.10653504641215,3.5092006951242274,0.049283411922860745,3.6369041037167498,2.269044559061475,0.6148788126487983,28946.930379746835,74.03967090545132,3.118748797332768,0.04289870493407099,3.984948612718451,2.4856093366421534,0.6191976702513613,8101_6488
232,,,,,,,,28645.979591836734,73.10653504641215,3.5092006951242274,0.049283411922860745,3.6369041037167498,2.269044559061475,0.6148788126487983,8095_8101
233,29207.364197530864,70.31779104626204,3.3474535928876663,0.04847031311650751,3.021979186092785,1.8339982390793625,0.5987498523186455,26635.106518282988,70.18557178058423,2.8573030177847545,0.041075346179888145,2.2379411720996165,1.2922471815345402,0.6002488951547347,8109_6321
234,28946.930379746835,74.03967090545132,3.118748797332768,0.04289870493407099,3.984948612718451,2.4856093366421534,0.6191976702513613,29207.364197530864,70.31779104626204,3.3474535928876663,0.04847031311650751,3.021979186092785,1.8339982390793625,0.5987498523186455,6488_8109
235,26439.950980392157,69.02064578630768,2.4202719981811534,0.03541895388832441,2.3843099996264736,1.4923424925913804,0.6161117466535009,25775.43364197531,75.48321675860403,2.678826929445323,0.03613177776299187,3.3849198744906666,2.159866146101548,0.6303007665694126,7008_7061
236,26635.106518282988,70.18557178058423,2.8573030177847545,0.041075346179888145,2.2379411720996165,1.2922471815345402,0.6002488951547347,26439.950980392157,69.02064578630768,2.4202719981811534,0.03541895388832441,2.3843099996264736,1.4923424925913804,0.6161117466535009,6321_7008
237,25775.43364197531,75.48321675860403,2.678826929445323,0.03613177776299187,3.3849198744906666,2.159866146101548,0.6303007665694126,26374.984375,71.21182563337636,2.7517614656508096,0.03917914425134855,2.4161358903231624,1.4669379190207614,0.6081561303163914,7061_8083
238,26374.984375,71.21182563337636,2.7517614656508096,0.03917914425134855,2.4161358903231624,1.4669379190207614,0.6081561303163914,23431.3487654321,76.23681018907733,2.8567682733758346,0.038112221051860184,3.0034265923201744,1.9353335795782716,0.6345191135680668,8083_6824
239,33617.821981424146,68.58160452964673,3.1059234725595113,0.04564493484343154,5.508615250130605,3.914769907989275,0.7053576940241617,36775.548136645964,67.6711383603424,2.75228013871727,0.04200170400387319,3.6751247686923447,2.485525027532203,0.6734568925239265,6225_8114
240,36775.548136645964,67.6711383603424,2.75228013871727,0.04200170400387319,3.6751247686923447,2.485525027532203,0.6734568925239265,38428.778816199374,65.51614640319735,2.626564126742854,0.04035218606201034,2.703093816810668,1.8705316053681669,0.686823197757934,8114_8152
241,38486.03549382716,70.33438707653082,2.7427701190720697,0.039219021207615105,2.6107051528290546,1.9952839677931538,0.7489041636085982,72604.63312693499,64.93638004914425,2.9227843942629192,0.045384311567769606,3.0380551562009375,2.3917606873952972,0.767978919588897,8144_8146
242,38514.47589424573,65.71550876714412,2.614396425981659,0.04001801117691112,2.857267610831018,2.1068259056311924,0.7287289967066609,38784.03049759229,64.76715127718886,2.6540441882225663,0.04126629170461152,2.3425551197566308,1.6710557282791973,0.7034587713769938,8154_6302
243,38428.778816199374,65.51614640319735,2.626564126742854,0.04035218606201034,2.703093816810668,1.8705316053681669,0.686823197757934,38514.47589424573,65.71550876714412,2.614396425981659,0.04001801117691112,2.857267610831018,2.1068259056311924,0.7287289967066609,8152_8154
244,72604.63312693499,64.93638004914425,2.9227843942629192,0.045384311567769606,3.0380551562009375,2.3917606873952972,0.767978919588897,40410.46655791191,68.99112266973928,3.1155324601160572,0.04554068522515348,2.6562672399410663,2.2460428225519147,0.8172418815819463,8146_6068
245,36137.163043478264,67.09381185323284,2.5287930234813984,0.038088641588577644,2.668482812320053,1.9667021617486782,0.7277238595215684,38486.03549382716,70.33438707653082,2.7427701190720697,0.039219021207615105,2.6107051528290546,1.9952839677931538,0.7489041636085982,6788_8144
246,38784.03049759229,64.76715127718886,2.6540441882225663,0.04126629170461152,2.3425551197566308,1.6710557282791973,0.7034587713769938,36137.163043478264,67.09381185323284,2.5287930234813984,0.038088641588577644,2.668482812320053,1.9667021617486782,0.7277238595215684,6302_6788
247,40804.27131782946,66.50147146155778,3.06904464044952,0.046627462079053536,3.337084271033255,2.729957411937125,0.7860404255476933,41409.989130434784,66.07719860469251,3.8322606725233634,0.05880773222943704,2.6192775993904265,2.354661437254355,0.8506718834775175,8208_8205
248,41409.989130434784,66.07719860469251,3.8322606725233634,0.05880773222943704,2.6192775993904265,2.354661437254355,0.8506718834775175,45143.719551282054,59.321655878302025,3.647102820721505,0.06218580213211935,2.532357187642617,2.2116463705600373,0.8219590778697295,8205_6294
249,45143.719551282054,59.321655878302025,3.647102820721505,0.06218580213211935,2.532357187642617,2.2116463705600373,0.8219590778697295,45176.279320987655,61.561434023812346,5.114329039983804,0.08464318543349231,3.7173879331625286,4.1596917309870145,1.004469949838814,6294_5905
250,40410.46655791191,68.99112266973928,3.1155324601160572,0.04554068522515348,2.6562672399410663,2.2460428225519147,0.8172418815819463,40804.27131782946,66.50147146155778,3.06904464044952,0.046627462079053536,3.337084271033255,2.729957411937125,0.7860404255476933,6068_8208
251,89479.45440494591,64.78677914067069,6.244999105733384,0.0986961936080198,5.473164843993532,5.8643117006159775,0.9820722409692552,47673.333333333336,62.14230360660414,5.284782659490856,0.08669851642519617,3.9304815605680536,3.726995780132481,0.8851112263138045,6014_8237
252,45176.279320987655,61.561434023812346,5.114329039983804,0.08464318543349231,3.7173879331625286,4.1596917309870145,1.004469949838814,89479.45440494591,64.78677914067069,6.244999105733384,0.0986961936080198,5.473164843993532,5.8643117006159775,0.9820722409692552,5905_6014
253,25989.165094339623,57.14265688426761,9.64680472184742,0.17494424844352083,9.525603205816692,5.326783634253393,0.7486668391314442,61284.54743390358,54.593694360985026,9.864327808226285,0.18838654361121854,6.041824175231374,6.306628728416581,0.9582071074734226,8267_6679
254,49773.46296296296,57.15617636067064,9.290658632252478,0.16888421448804478,5.815981816111381,6.284218091522059,0.9810101542858916,25989.165094339623,57.14265688426761,9.64680472184742,0.17494424844352083,9.525603205816692,5.326783634253393,0.7486668391314442,8248_8267
255,48443.621913580246,59.31455849595104,8.827749229335089,0.15380680723070386,5.440701260627883,5.968104022933247,0.999628482199856,49773.46296296296,57.15617636067064,9.290658632252478,0.16888421448804478,5.815981816111381,6.284218091522059,0.9810101542858916,8242_8248
256,47673.333333333336,62.14230360660414,5.284782659490856,0.08669851642519617,3.9304815605680536,3.726995780132481,0.8851112263138045,47780.160883280754,65.50962654203491,5.224513242300155,0.0814183317763995,5.357685161074042,4.5867540297642675,0.8115708338823779,8237_6011
257,47826.90092879257,62.646276967750374,5.197587752708398,0.084909206094881,4.020814138122766,3.8191241284716586,0.8748331733743442,49485.199066874025,58.67756102693735,6.668109617585233,0.11697287721086354,4.821348742021348,4.926559014191018,0.9331864911359151,8219_8213
258,49485.199066874025,58.67756102693735,6.668109617585233,0.11697287721086354,4.821348742021348,4.926559014191018,0.9331864911359151,42546.085007727976,63.24042445246328,7.817504448253567,0.12732480599074697,4.950200508818928,5.097401567351418,0.9409047415605578,8213_8169
259,42546.085007727976,63.24042445246328,7.817504448253567,0.12732480599074697,4.950200508818928,5.097401567351418,0.9409047415605578,48443.621913580246,59.31455849595104,8.827749229335089,0.15380680723070386,5.440701260627883,5.968104022933247,0.999628482199856,8169_8242
260,47780.160883280754,65.50962654203491,5.224513242300155,0.0814183317763995,5.357685161074042,4.5867540297642675,0.8115708338823779,47826.90092879257,62.646276967750374,5.197587752708398,0.084909206094881,4.020814138122766,3.8191241284716586,0.8748331733743442,6011_8219
261,34429.52713178295,63.38073030911488,3.076108602216966,0.04912634598641448,1.780440010449593,1.2312102383468262,0.6940085638537042,74318.93188854489,64.35166734971101,2.3038786217697487,0.036318558159625744,3.4380691216270503,2.264427370706725,0.6393963362997005,8315_8311
262,74318.93188854489,64.35166734971101,2.3038786217697487,0.036318558159625744,3.4380691216270503,2.264427370706725,0.6393963362997005,68133.9549689441,66.73501189415846,2.341195317938903,0.03525541917711888,3.8884519822939123,2.5368409323019163,0.6380992373621679,8311_6252
263,69859.90247678019,62.03054599367931,2.2839414084649854,0.037169356622342754,4.330497266616476,2.6144401930210304,0.5915850560940306,114854.8203125,63.46000467931973,2.2378540775279996,0.035671409663609085,3.6914588324546806,2.278417474542966,0.6043972034425611,8307_8305
264,114854.8203125,63.46000467931973,2.2378540775279996,0.035671409663609085,3.6914588324546806,2.278417474542966,0.6043972034425611,34429.52713178295,63.38073030911488,3.076108602216966,0.04912634598641448,1.780440010449593,1.2312102383468262,0.6940085638537042,8305_8315
265,61284.54743390358,54.593694360985026,9.864327808226285,0.18838654361121854,6.041824175231374,6.306628728416581,0.9582071074734226,60445.77708978328,61.38580428861145,3.560873219866566,0.058798289445926605,7.407780502129612,4.341824594191015,0.5785418003718443,6679_6276
266,60445.77708978328,61.38580428861145,3.560873219866566,0.058798289445926605,7.407780502129612,4.341824594191015,0.5785418003718443,69859.90247678019,62.03054599367931,2.2839414084649854,0.037169356622342754,4.330497266616476,2.6144401930210304,0.5915850560940306,6276_8307
267,74237.71048513302,63.98781450619264,2.4036673473496553,0.03780546855423427,3.1855649300422377,2.2058839146659,0.6694177531096421,68820.31635802469,63.44495791939384,2.4596416020241865,0.038984640684422124,2.6041166509884692,1.8500819177650722,0.6839793031460312,8355_8348
268,68820.31635802469,63.44495791939384,2.4596416020241865,0.038984640684422124,2.6041166509884692,1.8500819177650722,0.6839793031460312,,,,,,,,8348_7102
269,,,,,,,,52643.47222222222,61.71622829237441,2.473606989885347,0.04030516569370898,2.7571053145914535,1.8296625457118965,0.6411165483668398,7102_6309
270,52643.47222222222,61.71622829237441,2.473606989885347,0.04030516569370898,2.7571053145914535,1.8296625457118965,0.6411165483668398,48725.99217527387,68.02289722430838,2.629459422319181,0.039147542327413874,2.960924891797594,2.2494376578869915,0.6749211918513558,6309_6301
271,48725.99217527387,68.02289722430838,2.629459422319181,0.039147542327413874,2.960924891797594,2.2494376578869915,0.6749211918513558,58563.207109737246,71.57700255014619,3.295463165636143,0.04655781481164476,4.025126158856645,3.072999539813302,0.7274303912011776,6301_6218
272,68133.9549689441,66.73501189415846,2.341195317938903,0.03525541917711888,3.8884519822939123,2.5368409323019163,0.6380992373621679,68651.03703703704,66.53922115890735,2.4977929546345563,0.037781904645850926,3.7711178994446164,2.567049702751175,0.6597723146040505,6252_6227
273,68651.03703703704,66.53922115890735,2.4977929546345563,0.037781904645850926,3.7711178994446164,2.567049702751175,0.6597723146040505,74237.71048513302,63.98781450619264,2.4036673473496553,0.03780546855423427,3.1855649300422377,2.2058839146659,0.6694177531096421,6227_8355
274,63853.01242236025,65.3420849203326,2.558719527222709,0.039397646008655404,2.8189364235822367,2.082827677601278,0.7106473388608127,55567.53395061728,67.56055461808165,4.056271964375275,0.06090234130439758,3.2967123660934856,3.024826845721704,0.8506682240665961,8431_6232
275,56586.908372827806,66.53171220098162,3.758453059013498,0.05732545242954881,3.5076188557151977,3.01360893092453,0.8109784735933867,54351.79837398374,65.09525775657382,4.487231488007578,0.06976463353023288,3.6371103662972937,3.569213903221352,0.9001965647008507,8412_7015
276,56673.38759689922,65.1847654566741,3.058875653135164,0.047385604840838445,3.4228516556460726,2.7585746898282024,0.7634129634707717,56586.908372827806,66.53171220098162,3.758453059013498,0.05732545242954881,3.5076188557151977,3.01360893092453,0.8109784735933867,8408_8412
277,64179.81018518518,66.64990304947838,2.8662100741728382,0.043352904496039346,3.7399060078824875,2.7128541447272743,0.6980169373035513,63853.01242236025,65.3420849203326,2.558719527222709,0.039397646008655404,2.8189364235822367,2.082827677601278,0.7106473388608127,6881_8431
278,59244.51851851852,67.92873013568976,3.0043631529490717,0.04465948414698437,3.956406356365514,3.063546010869964,0.7410039298375475,64179.81018518518,66.64990304947838,2.8662100741728382,0.043352904496039346,3.7399060078824875,2.7128541447272743,0.6980169373035513,6235_6881
279,56673.38759689922,65.1847654566741,3.058875653135164,0.047385604840838445,3.4228516556460726,2.7585746898282024,0.7634129634707717,55567.53395061728,67.56055461808165,4.056271964375275,0.06090234130439758,3.2967123660934856,3.024826845721704,0.8506682240665961,8408_6232
280,58563.207109737246,71.57700255014619,3.295463165636143,0.04655781481164476,4.025126158856645,3.072999539813302,0.7274303912011776,59244.51851851852,67.92873013568976,3.0043631529490717,0.04465948414698437,3.956406356365514,3.063546010869964,0.7410039298375475,6218_6235
281,22479.269537480064,54.5741575146028,6.040472951312975,0.11199389071330836,3.8408610846587172,3.5885004919453327,0.8735801821262689,31031.548780487807,63.42535191839342,5.643795449350988,0.0901759832554742,5.140216783890325,4.4406079223497175,0.8302051043044277,8033_8027
282,31031.548780487807,63.42535191839342,5.643795449350988,0.0901759832554742,5.140216783890325,4.4406079223497175,0.8302051043044277,27293.597222222223,63.74076563051009,5.092758410626439,0.08723859164532627,5.893421791335363,4.360840930741257,0.723843046450985,8027_6269
283,29562.018604651163,63.4266233434939,3.2132814816224053,0.05126042495280412,4.032834394292572,2.678464960220285,0.6493518358217191,29355.06037151703,63.93488930422116,3.3118342200754602,0.05219013199829735,3.0033486808816074,1.882783640716927,0.6114111241430649,8009_6303
284,54351.79837398374,65.09525775657382,4.487231488007578,0.06976463353023288,3.6371103662972937,3.569213903221352,0.9001965647008507,22479.269537480064,54.5741575146028,6.040472951312975,0.11199389071330836,3.8408610846587172,3.5885004919453327,0.8735801821262689,7015_8033
285,29355.06037151703,63.93488930422116,3.3118342200754602,0.05219013199829735,3.0033486808816074,1.882783640716927,0.6114111241430649,34857.49845201238,64.79511993256236,2.952499861888477,0.04607106368700879,3.512235939050218,2.4387986776957913,0.6803138074253933,6303_6305
286,27293.597222222223,63.74076563051009,5.092758410626439,0.08723859164532627,5.893421791335363,4.360840930741257,0.723843046450985,29562.018604651163,63.4266233434939,3.2132814816224053,0.05126042495280412,4.032834394292572,2.678464960220285,0.6493518358217191,6269_8009
287,30359.603395061727,64.82385843604604,2.8974815304340886,0.045043352992092806,3.012802996757661,2.1179991874755424,0.6852405936524283,29661.657853810266,66.39265695181183,3.5827273283768513,0.05460634874713168,3.324758555344213,2.3263466885492563,0.6837135499743744,8077_8070
288,29661.657853810266,66.39265695181183,3.5827273283768513,0.05460634874713168,3.324758555344213,2.3263466885492563,0.6837135499743744,127917.28717948718,63.92781997463406,3.7063297342073347,0.05838937744331736,4.799006595907877,3.6354839872801366,0.7468006811226713,8070_6690
289,26624.324803149608,63.48696873144742,3.544018866861105,0.0561274214845483,2.6182453150489104,1.956252091024736,0.7338088755568279,18088.29237947123,60.2068162104701,2.345875798771855,0.03911564962099308,2.58106461941397,1.8249706358210092,0.6837372051257758,8041_6970
290,127917.28717948718,63.92781997463406,3.7063297342073347,0.05838937744331736,4.799006595907877,3.6354839872801366,0.7468006811226713,26624.324803149608,63.48696873144742,3.544018866861105,0.0561274214845483,2.6182453150489104,1.956252091024736,0.7338088755568279,6690_8041
291,34857.49845201238,64.79511993256236,2.952499861888477,0.04607106368700879,3.512235939050218,2.4387986776957913,0.6803138074253933,30359.603395061727,64.82385843604604,2.8974815304340886,0.045043352992092806,3.012802996757661,2.1179991874755424,0.6852405936524283,6305_8077
292,18088.29237947123,60.2068162104701,2.345875798771855,0.03911564962099308,2.58106461941397,1.8249706358210092,0.6837372051257758,18164.97360248447,61.282882700868946,2.8969712699655417,0.047433204820542224,1.1390754743104397,0.9388433376330735,0.7691999136196788,6970_8174
293,17865.25,63.57304093568007,2.4570457363824394,0.038685438134417424,1.5668150476676854,1.1059120323041345,0.7000091418505513,17948.421461897356,64.8458961540802,2.881547594795249,0.04455058906784643,2.6838728472431232,1.9412364768034116,0.7052327342718883,8178_6921
294,38434.659442724456,64.74451267068976,4.073916310804386,0.06376818649657728,2.7814462369753032,2.5840455255651475,0.8686476712253137,38386.95348837209,64.14493565199244,4.3493269562873875,0.06871415965176389,2.4446143607811663,2.347215748091732,0.8850281353142182,8150_8116
295,38386.95348837209,64.14493565199244,4.3493269562873875,0.06871415965176389,2.4446143607811663,2.347215748091732,0.8850281353142182,33705.18575851393,69.03326412183151,5.61766293658461,0.08253541031351232,5.436041068045808,4.622986268881618,0.8180997498860918,8116_6273
296,39169.91203703704,67.437115059169,3.6483828468500095,0.05556030108581705,2.6038683664581406,2.3485681795149156,0.8216564138895986,36495.246913580246,66.07296557467659,3.204772660121658,0.04946351320377501,3.00933931698912,2.4546905019963456,0.7841693542297896,8210_8148
297,37497.97815912637,65.84105392898336,3.5374202979553875,0.05414443417877726,2.221115334973198,1.8312257750400764,0.795748084316515,38434.659442724456,64.74451267068976,4.073916310804386,0.06376818649657728,2.7814462369753032,2.5840455255651475,0.8686476712253137,8156_8150
298,36495.246913580246,66.07296557467659,3.204772660121658,0.04946351320377501,3.00933931698912,2.4546905019963456,0.7841693542297896,35774.99535603715,64.59966469872029,3.5290437954141076,0.055818932705286366,2.498755223816374,1.9282048098973597,0.7426748002675889,8148_6298
299,37546.353896103894,66.76584109554442,3.604102865838823,0.05459526837987676,3.0749990846865582,2.5229623726182764,0.7934732495916185,37497.97815912637,65.84105392898336,3.5374202979553875,0.05414443417877726,2.221115334973198,1.8312257750400764,0.795748084316515,6300_8156
300,35774.99535603715,64.59966469872029,3.5290437954141076,0.055818932705286366,2.498755223816374,1.9282048098973597,0.7426748002675889,37546.353896103894,66.76584109554442,3.604102865838823,0.05459526837987676,3.0749990846865582,2.5229623726182764,0.7934732495916185,6298_6300
301,39523.45341614907,64.34689179859083,3.423549191516509,0.05441850547049437,3.255544461900628,2.8823759795278003,0.8279551525241782,33877.304975922954,68.89182527646386,3.915051453966512,0.05824726678482747,2.5095885251395598,2.3087554737515146,0.8412797277609365,8203_6930
302,40338.71118012422,65.54255192007588,3.3666072098428588,0.05241305395503628,2.7556380835917538,2.4857810524351063,0.8398049514620888,39523.45341614907,64.34689179859083,3.423549191516509,0.05441850547049437,3.255544461900628,2.8823759795278003,0.8279551525241782,8201_8203
303,43216.690625,63.522827438549385,2.8617093493026173,0.045461783732182695,2.332338580833421,1.8086062210171263,0.7368993893766905,40338.71118012422,65.54255192007588,3.3666072098428588,0.05241305395503628,2.7556380835917538,2.4857810524351063,0.8398049514620888,6994_8201
304,33877.304975922954,68.89182527646386,3.915051453966512,0.05824726678482747,2.5095885251395598,2.3087554737515146,0.8412797277609365,39169.91203703704,67.437115059169,3.6483828468500095,0.05556030108581705,2.6038683664581406,2.3485681795149156,0.8216564138895986,6930_8210
305,43386.706790123455,64.90749689383577,2.86466722530781,0.04463816923684092,2.59348542202287,1.9937222116747726,0.7429289531260184,43216.690625,63.522827438549385,2.8617093493026173,0.045461783732182695,2.332338580833421,1.8086062210171263,0.7368993893766905,6489_6994
306,43509.018604651166,66.8548836658881,2.981737618611685,0.045077992243036186,4.130537126462421,3.213959233009073,0.7546663686486077,43386.706790123455,64.90749689383577,2.86466722530781,0.04463816923684092,2.59348542202287,1.9937222116747726,0.7429289531260184,5934_6489
307,37903.424572317264,61.208182239753825,3.061983845144816,0.050417431169271006,3.518800549063804,2.774533640106503,0.754051188459116,41484.88117283951,61.43250505034581,2.8160025457740363,0.046205968024267234,4.1416796403102225,3.054785654650215,0.7189888419600154,8254_8252
308,41484.88117283951,61.43250505034581,2.8160025457740363,0.046205968024267234,4.1416796403102225,3.054785654650215,0.7189888419600154,45765.98765432099,62.01901788045563,3.2152878184910985,0.05224071747767062,3.9441643516495355,2.738934011861994,0.678087444188746,8252_8244
309,45765.98765432099,62.01901788045563,3.2152878184910985,0.05224071747767062,3.9441643516495355,2.738934011861994,0.678087444188746,45674.975155279506,60.21325693039127,2.671371618571564,0.044686974960122784,3.5791579296924723,2.627559498447905,0.7137785751981147,8244_8217
310,43415.06611570248,65.0746676755086,2.7932001721546236,0.0434359162115538,3.3101939042065402,2.400304868574804,0.7129156462368427,43509.018604651166,66.8548836658881,2.981737618611685,0.045077992243036186,4.130537126462421,3.213959233009073,0.7546663686486077,8239_5934
311,45674.975155279506,60.21325693039127,2.671371618571564,0.044686974960122784,3.5791579296924723,2.627559498447905,0.7137785751981147,46401.59937888199,62.047694460346975,2.960277107074261,0.04811948566398741,3.776909671914965,2.8196503292044444,0.7220961712104212,8217_8215
312,46401.59937888199,62.047694460346975,2.960277107074261,0.04811948566398741,3.776909671914965,2.8196503292044444,0.7220961712104212,46232.261829653,64.53281914961079,3.0252530336131174,0.04745493760944195,3.679611077282143,2.816497221833955,0.7392408113993849,8215_6440
313,46232.261829653,64.53281914961079,3.0252530336131174,0.04745493760944195,3.679611077282143,2.816497221833955,0.7392408113993849,43415.06611570248,65.0746676755086,2.7932001721546236,0.0434359162115538,3.3101939042065402,2.400304868574804,0.7129156462368427,6440_8239
314,80778.17647058824,61.51889170881141,4.6165336969493165,0.07615933306050385,5.149066538889102,3.911360609144419,0.7304325114460302,80970.56790123456,62.71182906081999,5.046469716537704,0.08171371665452949,4.623053809433951,3.7908745294386317,0.7758198140305428,8318_8309
315,75108.42097026604,62.28858770953392,6.413762132166148,0.10490213774894516,4.43386432246698,4.106809528849904,0.8688304300247218,58896.45046439629,61.94779898896798,6.876754969800562,0.11317104602658713,5.656066636414739,4.690755468755661,0.7894450429244035,8313_6737
316,80970.56790123456,62.71182906081999,5.046469716537704,0.08171371665452949,4.623053809433951,3.7908745294386317,0.7758198140305428,75108.42097026604,62.28858770953392,6.413762132166148,0.10490213774894516,4.43386432246698,4.106809528849904,0.8688304300247218,8309_8313
317,29589.628125,51.467619983435576,5.117217747884053,0.10103450503386706,7.178110815594063,4.991248226200986,0.6796422899148826,36847.65217391304,54.9980571806859,2.997315483915438,0.05491132040608732,5.139552330852875,3.591682050714099,0.6789595294847893,8274_8272
318,36847.65217391304,54.9980571806859,2.997315483915438,0.05491132040608732,5.139552330852875,3.591682050714099,0.6789595294847893,37903.424572317264,61.208182239753825,3.061983845144816,0.050417431169271006,3.518800549063804,2.774533640106503,0.754051188459116,8272_8254
319,58896.45046439629,61.94779898896798,6.876754969800562,0.11317104602658713,5.656066636414739,4.690755468755661,0.7894450429244035,53568.20516962843,57.522614775986135,6.555661048461683,0.11642349082689966,7.518541349083079,5.4943287983205416,0.7102282257133659,6737_6230
320,53568.20516962843,57.522614775986135,6.555661048461683,0.11642349082689966,7.518541349083079,5.4943287983205416,0.7102282257133659,29589.628125,51.467619983435576,5.117217747884053,0.10103450503386706,7.178110815594063,4.991248226200986,0.6796422899148826,6230_8274
321,7374.650154798762,54.39362647643907,3.117594320509035,0.05736086009644699,0.37855178988985666,0.3743657686447128,0.9589274691661017,69030.14043209876,64.32706056363116,4.161514853402721,0.06579737801286026,4.378905761117079,3.717351485603886,0.7981582519469789,6307_6229
322,78968.0503144654,62.61387428115588,5.556119133044793,0.09028765038446213,3.9195426859441738,3.6826812710626786,0.8731620670758189,72605.59782608696,62.43775078342329,6.64321878412071,0.10865848258747632,5.371169018959087,5.128479715251672,0.8893899478188291,8353_6185
323,72141.69734789392,64.29412555148133,2.5713875305296,0.04032222374379528,3.7871393239700017,2.6882220950378586,0.6912285151014065,,,,,,,,8188_6226
324,69030.14043209876,64.32706056363116,4.161514853402721,0.06579737801286026,4.378905761117079,3.717351485603886,0.7981582519469789,73772.51388888889,66.91811104714098,5.060776869015663,0.0769584486068378,4.265502423147862,3.9174573482238673,0.8565844573657503,6229_6177
325,,,,,,,,7374.650154798762,54.39362647643907,3.117594320509035,0.05736086009644699,0.37855178988985666,0.3743657686447128,0.9589274691661017,6226_6307
326,72605.59782608696,62.43775078342329,6.64321878412071,0.10865848258747632,5.371169018959087,5.128479715251672,0.8893899478188291,80778.17647058824,61.51889170881141,4.6165336969493165,0.07615933306050385,5.149066538889102,3.911360609144419,0.7304325114460302,6185_8318
327,73772.51388888889,66.91811104714098,5.060776869015663,0.0769584486068378,4.265502423147862,3.9174573482238673,0.8565844573657503,78968.0503144654,62.61387428115588,5.556119133044793,0.09028765038446213,3.9195426859441738,3.6826812710626786,0.8731620670758189,6177_8353
328,64805.7433903577,67.0833622470873,4.934493452261263,0.07474978588051123,3.45878467302682,3.312821945186229,0.8930475842626552,67291.32766615147,66.97398287863328,5.811947223574503,0.0881988962773866,4.600121535792937,4.405441688396313,0.8997543406046697,8427_6883
329,58014.11265432099,63.92260157477358,4.429960965010535,0.0702639201747789,3.608039871329267,3.5225384385779495,0.9144578542086937,64805.7433903577,67.0833622470873,4.934493452261263,0.07474978588051123,3.45878467302682,3.312821945186229,0.8930475842626552,8406_8427
330,65258.64451313756,63.3679800581666,3.142014139727195,0.049966509235907786,4.19690410533211,3.147719436502508,0.7273901029979534,60819.432098765436,65.36268993624056,3.1819719016121946,0.04915421626352985,4.545561619811315,3.6078379607785145,0.7668869554071289,8376_6256
331,56834.090625,66.5553828689231,3.862873352386194,0.0586713764909985,3.1694024626147828,2.807533516890477,0.8325919925945658,58014.11265432099,63.92260157477358,4.429960965010535,0.0702639201747789,3.608039871329267,3.5225384385779495,0.9144578542086937,6918_8406
332,67291.32766615147,66.97398287863328,5.811947223574503,0.0881988962773866,4.600121535792937,4.405441688396313,0.8997543406046697,65258.64451313756,63.3679800581666,3.142014139727195,0.049966509235907786,4.19690410533211,3.147719436502508,0.7273901029979534,6883_8376
333,60819.432098765436,65.36268993624056,3.1819719016121946,0.04915421626352985,4.545561619811315,3.6078379607785145,0.7668869554071289,72141.69734789392,64.29412555148133,2.5713875305296,0.04032222374379528,3.7871393239700017,2.6882220950378586,0.6912285151014065,6256_8188
334,41846.670731707316,63.396138024002084,3.1914127977796647,0.05090805584786214,4.170769156411862,3.2361212050880974,0.7597900168999091,28630.521671826624,65.49001069968108,3.7558165372263232,0.05821203599975338,4.093983474464054,3.1821724625971077,0.7558667747986748,8024_6971
335,29375.827160493827,65.72409175786007,4.965805668795967,0.07801530968174275,4.952935955924434,3.6627933116369995,0.7354065247172479,41846.670731707316,63.396138024002084,3.1914127977796647,0.05090805584786214,4.170769156411862,3.2361212050880974,0.7597900168999091,8013_8024
336,32572.08062015504,64.09884295316014,4.255322244926306,0.0670635286337253,3.7664622038067312,2.844712073359714,0.730448705719187,29375.827160493827,65.72409175786007,4.965805668795967,0.07801530968174275,4.952935955924434,3.6627933116369995,0.7354065247172479,8005_8013
337,28630.521671826624,65.49001069968108,3.7558165372263232,0.05821203599975338,4.093983474464054,3.1821724625971077,0.7558667747986748,57775.50233281493,65.4795965219313,2.733917852341362,0.042095720550159914,3.34640645844623,2.6376814151185184,0.7611668162058759,6971_6258
338,57501.791666666664,66.90616816435946,3.8216481349141915,0.057788162861324384,3.5749656942882257,3.0720657303612535,0.8119801550707146,56834.090625,66.5553828689231,3.862873352386194,0.0586713764909985,3.1694024626147828,2.807533516890477,0.8325919925945658,6879_6918
339,32589.950464396286,60.82026356204685,3.783920330430945,0.06288183935470214,3.2944650601564756,2.613567844927333,0.7562037260178179,32572.08062015504,64.09884295316014,4.255322244926306,0.0670635286337253,3.7664622038067312,2.844712073359714,0.730448705719187,6308_8005
340,57775.50233281493,65.4795965219313,2.733917852341362,0.042095720550159914,3.34640645844623,2.6376814151185184,0.7611668162058759,57501.791666666664,66.90616816435946,3.8216481349141915,0.057788162861324384,3.5749656942882257,3.0720657303612535,0.8119801550707146,6258_6879
341,25041.447154471545,55.38822689095921,3.23183371350418,0.0589420492289254,3.461673076906662,2.572953793694613,0.7348273927302443,35604.093933463795,63.964234273011776,3.230040108308605,0.051044970029154264,3.2396453328651056,2.3720319635914313,0.7160202019735077,8057_6045
342,25949.242125984252,61.25031631797275,3.454577618732555,0.05703275504936712,3.8530697170449715,2.811208113603738,0.7115634799652225,31827.938735177864,64.37309343527518,3.1112842497505824,0.04872878645024302,2.95208419486687,2.293094186737376,0.7450179995383407,8043_6946
343,31827.938735177864,64.37309343527518,3.1112842497505824,0.04872878645024302,2.95208419486687,2.293094186737376,0.7450179995383407,25041.447154471545,55.38822689095921,3.23183371350418,0.0589420492289254,3.461673076906662,2.572953793694613,0.7348273927302443,6946_8057
344,42906.64860681115,60.89998082687172,4.03714978407436,0.06787895112565094,1.8537261963056209,1.5249933221827925,1.2040577765220615,32589.950464396286,60.82026356204685,3.783920330430945,0.06288183935470214,3.2944650601564756,2.613567844927333,0.7562037260178179,6306_6308
345,35604.093933463795,63.964234273011776,3.230040108308605,0.051044970029154264,3.2396453328651056,2.3720319635914313,0.7160202019735077,42906.64860681115,60.89998082687172,4.03714978407436,0.06787895112565094,1.8537261963056209,1.5249933221827925,1.2040577765220615,6045_6306
346,17948.421461897356,64.8458961540802,2.881547594795249,0.04455058906784643,2.6838728472431232,1.9412364768034116,0.7052327342718883,25949.242125984252,61.25031631797275,3.454577618732555,0.05703275504936712,3.8530697170449715,2.811208113603738,0.7115634799652225,6921_8043
